"Date","OUTFLOW","OMR","BD_EC_prev","X2_prev","X2_current","BD_EC_current"
1921-11-30,4500,-8336.15477228345,4955.306,73.98679,79.86723,4993.3193
1921-12-31,17004.819487455,-5290.32258064516,4993.3193,79.86723,75.214645,6599.855
1922-01-31,17893.8764419211,-4516.12903225806,6599.855,75.214645,68.251526,3091.2295
1922-02-28,59409.5096773082,-4156.25,3091.2295,68.251526,56.188717,997.9132
1922-03-31,42930.5718326004,-3500,997.9132,56.188717,57.07044,339.20065
1922-04-30,35329.5473526463,-1155.66937105959,339.20065,57.07044,59.12787,497.79404
1922-05-31,33670.7809383628,-1974.08980947176,497.79404,59.12787,59.98802,598.8374
1922-06-30,9000,-4306.64893145302,598.8374,59.98802,72.641945,2261.1968
1922-07-31,8325.26881722581,-9131.05148755528,2261.1968,72.641945,81.351265,2880.7588
1922-08-31,7177.06612148438,-9230.44990424811,2880.7588,81.351265,83.23872,3911.4087
1922-09-30,16406.25,-8658.42612836947,3911.4087,83.23872,74.011986,5300.899
1922-10-31,11562.5,-4321.34402652025,5300.899,74.011986,73.955864,3876.3376
1922-11-30,7594.53221292432,-8692.09237350939,3876.3376,73.955864,80.584854,6366.8887
1922-12-31,39314.0762785559,-5290.32258064516,6366.8887,80.584854,61.959743,3439.4463
1923-01-31,33253.9477281921,-4516.12903225806,3439.4463,61.959743,59.9585,706.1065
1923-02-28,19315.2995331741,-4033.03571428571,706.1065,59.9585,64.78329,1128.9012
1923-03-31,12120.528528327,-3500,1128.9012,64.78329,71.89594,2706.9844
1923-04-30,23686.0391360276,-2783.48249035224,2706.9844,71.89594,66.36285,2982.9001
1923-05-31,12000.7069130209,-2120.9547681603,2982.9001,66.36285,71.92018,2803.6667
1923-06-30,6875,-5000,2803.6667,71.92018,80.93258,5581.098
1923-07-31,7762.09419325183,-9048.62353631399,5581.098,80.93258,83.611,4194.694
1923-08-31,4000,-8148.51831575993,4194.694,83.611,87.345245,5832.1494
1923-09-30,4277.47510878479,-6353.67050978919,5832.1494,87.345245,89.91049,8473.168
1923-10-31,4000,-4815.3913033183,8473.168,89.91049,91.54255,9596.438
1923-11-30,5728.21036685285,-4349.52386381678,9596.438,91.54255,91.28739,9576.924
1923-12-31,6225.79384964435,-2931.92537313154,9576.924,91.28739,89.4607,8294.026
1924-01-31,9733.91346996318,-4339.18040984719,8294.026,89.4607,85.60361,5706.7515
1924-02-29,12944.7027803202,-4955,5706.7515,85.60361,79.79462,2719.4966
1924-03-31,7102.92081696623,-1337.78136873477,2719.4966,79.79462,80.64553,4908.8115
1924-04-30,4914.59846038858,-690.2849832852,4908.8115,80.64553,85.80296,10183.245
1924-05-31,4354.58064516775,-1526.19796000465,10183.245,85.80296,90.529686,8097.3965
1924-06-30,4153.64163643911,-1584.04863084552,8097.3965,90.529686,91.92976,12466.3125
1924-07-31,3000,-1916.91791001016,12466.3125,91.92976,93.2554,15946.098
1924-08-31,3000,-2680.28976306883,15946.098,93.2554,93.8511,17957.48
1924-09-30,3857.37070719735,-1927.5579817272,17957.48,93.8511,92.489204,11575.835
1924-10-31,3626.44302764742,-5471.14875970807,11575.835,92.489204,93.0453,11132.036
1924-11-30,5798.89797745677,-2783.47909079541,11132.036,93.0453,92.17375,11103.604
1924-12-31,9214.96917124852,-3809.51157132255,11103.604,92.17375,87.15366,7358.0996
1925-01-31,8445.22623153217,-5000,7358.0996,87.15366,84.46047,4489.2163
1925-02-28,74598.3178821628,-4427.32142857143,4489.2163,84.46047,56.778027,811.18176
1925-03-31,17669.355,-3935,811.18176,56.778027,64.40567,845.0898
1925-04-30,26046.2381392434,-2153.24163089293,845.0898,64.40567,63.545753,1390.801
1925-05-31,13494.5484040307,-1798.34848162414,1390.801,63.545753,69.889565,2262.6304
1925-06-30,6628.125,-4712.18264698285,2262.6304,69.889565,80.41415,5512.1777
1925-07-31,5000,-6484.82038521077,5512.1777,80.41415,85.468414,9880.335
1925-08-31,3500,-3646.29018582007,9880.335,85.468414,88.71886,13751.217
1925-09-30,3000,-6251.80087425298,13751.217,88.71886,92.265945,9969.109
1925-10-31,4000,-4119.08134770603,9969.109,92.265945,92.745865,10367.72
1925-11-30,5315.51504833663,-3792.45890912748,10367.72,92.745865,92.14875,9937.85
1925-12-31,6237.06779623375,-2987.96460618824,9937.85,92.14875,90.996155,8331.099
1926-01-31,14025.8203712984,-5000,8331.099,90.996155,81.53215,3379.6597
1926-02-28,42014.5868367394,-4427.32142857143,3379.6597,81.53215,60.278343,1153.4495
1926-03-31,17755.5641210494,-3935,1153.4495,60.278343,65.22411,1015.7287
1926-04-30,21145.9786690896,-1996.86630751007,1015.7287,65.22411,65.906456,1801.3198
1926-05-31,11760.1844284397,-2747.80893896001,1801.3198,65.906456,72.79868,2857.5847
1926-06-30,7100,-5000,2857.5847,72.79868,80.98894,5852.94
1926-07-31,5000,-5747.2300544043,5852.94,80.98894,85.33101,10311.886
1926-08-31,3500,-3089.22136328251,10311.886,85.33101,88.943886,13608.537
1926-09-30,3000,-4965.88653909246,13608.537,88.943886,92.39901,10501.015
1926-10-31,4332.8191649435,-2751.36581227916,10501.015,92.39901,92.4373,10515.298
1926-11-30,15675.9033716547,-8630.26054262154,10515.298,92.4373,80.4911,3906.7449
1926-12-31,11822.5479848723,-5290.32258064516,3906.7449,80.4911,75.39975,3318.1875
1927-01-31,33796.2040709886,-4516.12903225806,3318.1875,75.39975,62.503315,2327.5674
1927-02-28,166754.99609762,-4156.25,2327.5674,62.503315,51.718876,302.29053
1927-03-31,50424.259769081,-3500,302.29053,51.718876,55.937347,238.93387
1927-04-30,49379.4228421188,-3727.34156176498,238.93387,55.937347,56.26183,289.22964
1927-05-31,17508.6143767195,-2593.37815550167,289.22964,56.26183,65.65032,979.2183
1927-06-30,7324.08281788322,-4689.4333333128,979.2183,65.65032,77.699715,3776.9268
1927-07-31,9541.90179250965,-10016.1406697553,3776.9268,77.699715,80.76598,7758.396
1927-08-31,6356.855,-11164.7064619065,7758.396,80.76598,82.21924,8873.595
1927-09-30,16250,-3770.25205877851,8873.595,82.21924,74.02369,7664.638
1927-10-31,11406.25,-3503.42771739603,7664.638,74.02369,73.950966,4928.4424
1927-11-30,5548.64465341793,-9491.5212437529,4928.4424,73.950966,82.45113,7062.968
1927-12-31,5742.66670452774,-9768.61966909575,7062.968,82.45113,86.14554,10210.01
1928-01-31,18475.5112561415,-3645.16129032258,10210.01,86.14554,75.01016,2499.1177
1928-02-29,19220.1295100606,-4172.41379310345,2499.1177,75.01016,67.1764,1518.6317
1928-03-31,82038.1002081421,-3500,1518.6317,67.1764,54.531197,470.90085
1928-04-30,30924.0128849298,-2249.54911720778,470.90085,54.531197,59.840538,427.80432
1928-05-31,13566.633775592,-2332.4002964947,427.80432,59.840538,69.34362,1828.9946
1928-06-30,7892.08456957088,-4689.4333333128,1828.9946,69.34362,78.918915,5055.4614
1928-07-31,10655.8179682016,-8653.27902470859,5055.4614,78.918915,80.40865,3070.122
1928-08-31,6568.5483,-11501.0522692199,3070.122,80.40865,82.87764,3553.7976
1928-09-30,16562.5,-4906.40868122184,3553.7976,82.87764,74.00249,5702.5513
1928-10-31,11406.25,-2631.81392748203,5702.5513,74.00249,74.0042,4289.7363
1928-11-30,6273.5783227695,-8426.9261113521,4289.7363,74.0042,82.16816,6700.318
1928-12-31,5075.79537400824,-7517.75972045051,6700.318,82.16816,86.36119,10012.554
1929-01-31,8230.83295097039,-5000,10012.554,86.36119,85.7678,5788.0454
1929-02-28,15179.6425088585,-4316.42857142857,5788.0454,85.7678,78.77136,2526.8274
1929-03-31,8480.72502829169,-3715.38765032185,2526.8274,78.77136,77.83433,3625.318
1929-04-30,7110.0761672988,-871.299044236441,3625.318,77.83433,82.3981,7826.439
1929-05-31,4081.49530237109,-2129.60727062184,7826.439,82.3981,87.52859,10804.545
1929-06-30,3000,-1486.73903140646,10804.545,87.52859,91.26682,14484.528
1929-07-31,3000,-1910.95080967211,14484.528,91.26682,93.82294,17697.295
1929-08-31,3000,-1807.14656991986,17697.295,93.82294,93.57471,19389.03
1929-09-30,3779.99999999998,-2508.71935780301,19389.03,93.57471,92.648125,12002.64
1929-10-31,3000,-2625.59067534399,12002.64,92.648125,93.72323,11316.308
1929-11-30,4501.05036047751,-833.431905421409,11316.308,93.72323,93.78084,11435.233
1929-12-31,13899.7736307435,-5290.32258064516,11435.233,93.78084,83.41578,4412.3613
1930-01-31,26312.8849540635,-4516.12903225806,4412.3613,83.41578,65.61894,1738.6105
1930-02-28,18535.715,-1492.30277702539,1738.6105,65.61894,65.90813,1622.7307
1930-03-31,28342.9145620928,-3935,1622.7307,65.90813,62.550728,1365.79
1930-04-30,12668.3013105624,-1912.2162353517,1365.79,62.550728,69.8731,1912.9001
1930-05-31,7776.72985146778,-1660.70638434331,1912.9001,69.8731,79.91739,5101.975
1930-06-30,7100,-5000,5101.975,79.91739,83.53103,8229.907
1930-07-31,5000,-8601.36108064255,8229.907,83.53103,85.932,11043.85
1930-08-31,3500,-3741.5431869639,11043.85,85.932,90.205574,13986.154
1930-09-30,3018.54335876049,-5555.15304101675,13986.154,90.205574,92.49276,10358.131
1930-10-31,4302.40148247027,-2165.84901617566,10358.131,92.49276,92.41699,10604.966
1930-11-30,5711.19133263401,-2127.43753718998,10604.966,92.41699,91.20278,10156.702
1930-12-31,5789.2347132935,-624.869376072413,10156.702,91.20278,90.668884,8531.1045
1931-01-31,9545.8579667651,-5000,8531.1045,90.668884,86.45801,5890.7437
1931-02-28,9272.34100818081,-3784.37696136148,5890.7437,86.45801,83.61327,4000.906
1931-03-31,7293.46002416633,-1202.21462544314,4000.906,83.61327,83.46364,4093.6309
1931-04-30,4151.61910659479,-741.767164289014,4093.6309,83.46364,88.03516,6519.568
1931-05-31,5077.24973653018,-1999.07265084569,6519.568,88.03516,90.88146,9400.947
1931-06-30,3878.09532179702,-1792.07329468796,9400.947,90.88146,92.1003,13370.254
1931-07-31,3000,-2125.66254136798,13370.254,92.1003,93.93962,16964.512
1931-08-31,3000,-2027.30627802174,16964.512,93.93962,93.96042,19082.842
1931-09-30,3000,-1955.07585434786,19082.842,93.96042,93.34375,12676.611
1931-10-31,4632.60624917225,-1518.88109296002,12676.611,93.34375,92.859764,11227.673
1931-11-30,3643.54129027761,-3404.64900975401,11227.673,92.859764,93.548676,11068.368
1931-12-31,19896.6242764596,-5290.32258064516,11068.368,93.548676,76.753494,3314.4143
1932-01-31,19734.6937753445,-4516.12903225806,3314.4143,76.753494,66.841385,1652.8121
1932-02-29,24773.0515202462,-4333.79310344828,1652.8121,66.841385,64.03503,1761.0076
1932-03-31,7386.79025286434,-3199.7325210541,1761.0076,64.03503,75.47147,3199.1255
1932-04-30,9514.7842304524,-1675.0444017889,3199.1255,75.47147,80.73429,7211.006
1932-05-31,14505.0048288868,-2359.02563458084,7211.006,80.73429,75.02529,6108.076
1932-06-30,3362.44033410727,-1536.04775873442,6108.076,75.02529,82.63767,6381.24
1932-07-31,3019.44339605735,-2354.51177023263,6381.24,82.63767,90.06181,12934.989
1932-08-31,3358.07441437784,-2329.38165731762,12934.989,90.06181,91.95343,16883.02
1932-09-30,3500,-3746.53342438925,16883.02,91.95343,92.62975,11277.582
1932-10-31,3000,-4193.47488393342,11277.582,92.62975,94.15501,11495.601
1932-11-30,4090.33641126857,-2633.42115260899,11495.601,94.15501,94.573135,11868.991
1932-12-31,8208.1742752407,-3642.25913292149,11868.991,94.573135,90.252205,8126.8174
1933-01-31,11922.2588090336,-5000,8126.8174,90.252205,83.30091,3408.195
1933-02-28,10396.715326593,-4820,3408.195,83.30091,78.77211,4790.553
1933-03-31,7535.30252212099,-2949.2743282933,4790.553,78.77211,80.73948,7371.365
1933-04-30,5706.80816630903,-658.758301678386,7371.365,80.73948,84.50392,10388.5205
1933-05-31,6899.84941400259,-1913.00601865469,10388.5205,84.50392,86.50587,5940.7017
1933-06-30,3000,-1821.5379711842,5940.7017,86.50587,90.257805,10473.112
1933-07-31,3007.48085946834,-2086.04884681131,10473.112,90.257805,93.35405,16652.982
1933-08-31,3000,-1840.71598911425,16652.982,93.35405,93.72576,18953.096
1933-09-30,3496.90575460419,-2681.5466893285,18953.096,93.72576,92.76413,12164.475
1933-10-31,3000,-1705.60431631318,12164.475,92.76413,94.03955,11772.471
1933-11-30,5852.64636602147,-1213.18974791944,11772.471,94.03955,92.66628,11236.684
1933-12-31,10420.3013694123,-6663.90615948435,11236.684,92.66628,86.17014,5642.905
1934-01-31,16563.7507711199,-3645.16129032258,5642.905,86.17014,74.40567,4248.553
1934-02-28,15714.6854351462,-4427.32142857143,4248.553,74.40567,69.84914,3290.3948
1934-03-31,7994.84187632189,-4025.14005104766,3290.3948,69.84914,77.30883,4836.506
1934-04-30,5894.05565681948,-739.54778713475,4836.506,77.30883,83.718,8919.245
1934-05-31,4769.49080238335,-2080.98373147883,8919.245,83.718,89.19274,7371.922
1934-06-30,3093.47006510705,-1778.97419942944,7371.922,89.19274,92.351006,12624.112
1934-07-31,3000,-2153.09740332794,12624.112,92.351006,93.86024,17376.654
1934-08-31,3000,-2187.97193156292,17376.654,93.86024,93.86958,19356.44
1934-09-30,3310.18531023269,-4227.40336056239,19356.44,93.86958,93.03978,12708.987
1934-10-31,3340.16965192217,-1166.00701781016,12708.987,93.03978,93.79767,12331.631
1934-11-30,6321.69816566704,-4824.7374056732,12331.631,93.79767,91.66013,9832.496
1934-12-31,6190.4174367882,-4010.92567733193,9832.496,91.66013,90.03733,7237.999
1935-01-31,29470.3299439294,-3645.16129032258,7237.999,90.03733,68.33872,1585.8975
1935-02-28,14145.5569762238,-4316.42857142857,1585.8975,68.33872,68.02361,1310.9332
1935-03-31,24203.8005036059,-3935,1310.9332,68.02361,65.1482,1999.5281
1935-04-30,46881.5707138243,-3452.31089226894,1999.5281,65.1482,57.627586,701.53235
1935-05-31,21609.4105360801,-1917.7459651676,701.53235,57.627586,63.777973,815.1066
1935-06-30,6170,-5000,815.1066,63.777973,77.4229,3629.935
1935-07-31,6571.91146541339,-8355.17832214741,3629.935,77.4229,84.440384,5053.978
1935-08-31,4000,-5136.62436705394,5053.978,84.440384,87.41602,6984.21
1935-09-30,3007.09068819658,-5121.4616983881,6984.21,87.41602,91.293434,9664.413
1935-10-31,6982.76649968499,-1475.10862665608,9664.413,91.293434,89.2971,8370.287
1935-11-30,4500,-5452.00170355856,8370.287,89.2971,89.32032,11419.543
1935-12-31,7233.74095185537,-3649.72090770088,11419.543,89.32032,88.44014,7567.045
1936-01-31,42194.5554827681,-3645.16129032258,7567.045,88.44014,62.55935,1231.761
1936-02-29,101110.515984656,-3964.88868201169,1231.761,62.55935,53.404083,246.0319
1936-03-31,31824.231335752,-3500,246.0319,53.404083,59.50025,362.39758
1936-04-30,27556.6981991343,-580.521055294075,362.39758,59.50025,61.97859,882.0725
1936-05-31,13059.0509213303,-1291.45821445493,882.0725,61.97859,69.99942,2044.5042
1936-06-30,6280.28307844353,-3112.17482378261,2044.5042,69.99942,80.63981,5603.2925
1936-07-31,7980.33863206938,-8989.48114019556,5603.2925,80.63981,83.26993,4745.8726
1936-08-31,4142.45101750505,-9102.61290909674,4745.8726,83.26993,86.77701,6264.464
1936-09-30,3810.10435202902,-5213.1245949571,6264.464,86.77701,90.141365,9168.588
1936-10-31,4426.05676838513,-6766.58188892249,9168.588,90.141365,91.63104,9206.761
1936-11-30,4500,-4297.47344175497,9206.761,91.63104,92.62234,9253.675
1936-12-31,8291.37367951727,-3782.69405234284,9253.675,92.62234,88.82903,7202.485
1937-01-31,11328.5978323282,-5000,7202.485,88.82903,83.35578,4035.733
1937-02-28,56136.3443103658,-4316.42857142857,4035.733,83.35578,58.15277,1793.6432
1937-03-31,45647.9779823889,-3935,1793.6432,58.15277,56.70899,354.72025
1937-04-30,22654.2123736408,-1083.37700824895,354.72025,56.70899,63.19244,819.5801
1937-05-31,16835.7649709771,102.533526412746,819.5801,63.19244,67.94056,1992.2063
1937-06-30,7800,-5000,1992.2063,67.94056,77.54887,4155.0923
1937-07-31,6500,-7696.84997535566,4155.0923,77.54887,83.79063,3986.9512
1937-08-31,4000,-5451.98063968657,3986.9512,83.79063,87.45055,6479.755
1937-09-30,3000,-6006.99958629532,6479.755,87.45055,91.141975,9607.123
1937-10-31,4000,-4682.18193678234,9607.123,91.141975,92.7586,10124.423
1937-11-30,15979.600633754,-9488.78643149065,10124.423,92.7586,80.40379,3671.1587
1937-12-31,71832.5571215952,-5290.32258064516,3671.1587,80.40379,55.820858,569.0163
1938-01-31,30523.983803191,-4516.12903225806,569.0163,55.820858,60.09083,454.7315
1938-02-28,187991.621436101,1697.90895548911,454.7315,60.09083,51.302486,287.67746
1938-03-31,191796.873213982,6581.36486064948,287.67746,51.302486,51.60723,225.04706
1938-04-30,56173.4590185585,-2379.50139151922,225.04706,51.60723,55.257423,231.3842
1938-05-31,39779.3779008127,1941.74822811253,231.3842,55.257423,58.038197,300.4727
1938-06-30,10845.408293537,-3171.63975134173,300.4727,58.038197,70.28749,1420.5382
1938-07-31,9051.2405534287,-7119.90713445959,1420.5382,70.28749,79.09251,5510.733
1938-08-31,6612.58981640625,-8622.50288527198,5510.733,79.09251,82.00862,8621.527
1938-09-30,15937.5,-6926.95705031103,8621.527,82.00862,74.03353,8025.6187
1938-10-31,11562.5,-3177.46727075619,8025.6187,74.03353,73.96776,5010.425
1938-11-30,4622.70130561177,-9038.84119115085,5010.425,73.96776,83.30057,7780.3115
1938-12-31,5638.95031333488,-9362.92261818431,7780.3115,83.30057,86.89515,11878.976
1939-01-31,8687.49427574831,-3187.50858391995,11878.976,86.89515,85.42551,6627.47
1939-02-28,10029.9997913554,-4820,6627.47,85.42551,83.218796,4477.343
1939-03-31,9414.02095940356,-3106.48011807772,4477.343,83.218796,81.3325,3428.456
1939-04-30,11754.0019898505,-2160.7043088492,3428.456,81.3325,78.15017,6243.4985
1939-05-31,9945.67328507123,-2238.82721263211,6243.4985,78.15017,78.950714,6910.529
1939-06-30,5877.15685069,-1837.28130406031,6910.529,78.950714,83.2884,8681.282
1939-07-31,5523.4334125368,-5767.80144159281,8681.282,83.2884,87.21449,6496.178
1939-08-31,4277.64185636642,-4442.11492468041,6496.178,87.21449,90.060265,7430.05
1939-09-30,3000,-4063.19266012416,7430.05,90.060265,92.05261,9739.328
1939-10-31,4000,-2047.65676972787,9739.328,92.05261,92.85224,10607.526
1939-11-30,4956.36517587762,-1634.554659173,10607.526,92.85224,92.509895,10119.747
1939-12-31,5649.27914548809,-2217.4721010855,10119.747,92.509895,91.20568,8879.086
1940-01-31,38389.7955913209,-3645.16129032258,8879.086,91.20568,64.4636,1549.3068
1940-02-29,79724.158742245,-4333.79310344828,1549.3068,64.4636,54.040413,256.80563
1940-03-31,100205.95528241,-3500,256.80563,54.040413,53.102573,228.81317
1940-04-30,44841.1789920271,-816.60658877874,228.81317,53.102573,56.685802,271.2085
1940-05-31,14836.0453272147,-2155.06187435243,271.2085,56.685802,67.223946,1230.6827
1940-06-30,7382.31073290498,-4689.4333333128,1230.6827,67.223946,78.54875,4574.527
1940-07-31,11079.8231713687,-8613.05585593445,4574.527,78.54875,80.02343,3058.032
1940-08-31,6497.984,-11733.737738683,3058.032,80.02343,82.77181,3366.2493
1940-09-30,16875,-4581.35868517074,3366.2493,82.77181,73.93299,5528.7896
1940-10-31,11562.5,-2571.62265874532,5528.7896,73.93299,73.93799,4343.305
1940-11-30,4500,-7059.93196793499,4343.305,73.93799,83.85259,7612.3647
1940-12-31,39463.910507336,-5290.32258064516,7612.3647,83.85259,62.973457,3829.5862
1941-01-31,92178.3513792577,-4516.12903225806,3829.5862,62.973457,53.3534,283.2708
1941-02-28,135574.980042613,-4464.28571428571,283.2708,53.3534,52.346016,227.92464
1941-03-31,87960.9322259702,-3500,227.92464,52.346016,53.198036,228.13654
1941-04-30,77096.5861092757,-3995,228.13654,53.198036,53.628254,230.00197
1941-05-31,29738.1748218231,-1134.13480630468,230.00197,53.628254,60.26798,416.9452
1941-06-30,8710.66269363274,-4372.5951242107,416.9452,60.26798,73.463776,2291.1848
1941-07-31,9333.61704017668,-10199.9026564198,2291.1848,73.463776,79.758064,6352.0303
1941-08-31,6471.38182519531,-9760.64414929536,6352.0303,79.758064,82.15254,8367.693
1941-09-30,16250,-8756.19242255878,8367.693,82.15254,74.00602,7335.502
1941-10-31,11406.25,-3752.40213993792,7335.502,74.00602,74.05457,4193.3975
1941-11-30,5029.13424510433,-9604.32399687941,4193.3975,74.05457,83.12119,7310.662
1941-12-31,57177.2932725223,-5290.32258064516,7310.662,83.12119,58.76929,3086.7932
1942-01-31,84003.8602426698,-4516.12903225806,3086.7932,58.76929,53.47581,245.97594
1942-02-28,162744.218561457,-4464.28571428571,245.97594,53.47581,51.818214,229.30876
1942-03-31,27665.5706131545,-3500,229.30876,51.818214,60.52986,359.49783
1942-04-30,46386.097968768,-3995,359.49783,60.52986,57.445206,448.7104
1942-05-31,33218.7581814646,-1329.980011451,448.7104,57.445206,59.91506,526.19025
1942-06-30,7928.91879238247,-4777.15261458977,526.19025,59.91506,73.5923,2345.339
1942-07-31,9136.93220431705,-10092.1755312904,2345.339,73.5923,80.69141,6836.4956
1942-08-31,6683.22572753907,-9805.46058751566,6836.4956,80.69141,82.06052,8780.757
1942-09-30,15937.5,-8867.42529175254,8780.757,82.06052,74.01771,7575.2095
1942-10-31,11562.5,-4035.17075040884,7575.2095,74.01771,73.95129,4241.934
1942-11-30,7802.97790269965,-8564.24554296141,4241.934,73.95129,80.36842,6758.3306
1942-12-31,19655.1703711125,-5290.32258064516,6758.3306,80.36842,71.12276,6557.384
1943-01-31,83957.3822553428,-4516.12903225806,6557.384,71.12276,54.157906,715.2929
1943-02-28,60819.5230697871,-4033.03571428571,715.2929,54.157906,54.67722,243.51639
1943-03-31,87089.9018928031,-3317.66044405003,243.51639,54.67722,53.471035,236.53828
1943-04-30,29965.7200414698,204.584229400931,236.53828,53.471035,59.96993,411.74084
1943-05-31,11665.6370221783,-2571.42605084539,411.74084,59.96993,71.11058,2111.7876
1943-06-30,8064.42763947959,-4693.80277775753,2111.7876,71.11058,79.76081,5736.497
1943-07-31,10365.9777859845,-9914.40998494827,5736.497,79.76081,79.736626,7969.3643
1943-08-31,6215.7256,-9018.145555288,7969.3643,79.736626,82.06908,8567.825
1943-09-30,16250,-4444.11408645353,8567.825,82.06908,74.08645,7846.9546
1943-10-31,11250,-4509.08228111549,7846.9546,74.08645,74.068306,4830.6616
1943-11-30,4500,-7056.06976488368,4830.6616,74.068306,83.694984,7468.5317
1943-12-31,4500,-6288.91658565936,7468.5317,83.694984,88.549866,12119.599
1944-01-31,10799.2806940468,-3503.55561768121,12119.599,88.549866,84.10878,6574.5806
1944-02-29,27771.7886769452,-4333.79310344828,6574.5806,84.10878,66.90443,1250.5168
1944-03-31,18991.7817003778,-3935,1250.5168,66.90443,65.39886,1202.2584
1944-04-30,11695.0253514178,-1868.53006226076,1202.2584,65.39886,72.86686,3030.8247
1944-05-31,9524.18216904122,-508.677607255059,3030.8247,72.86686,78.690094,5851.4897
1944-06-30,7100,-5000,5851.4897,78.690094,82.28978,7861.329
1944-07-31,5506.90294978155,-2545.01232251889,7861.329,82.28978,86.19364,5993.4585
1944-08-31,5104.64827844537,-2648.10571519734,5993.4585,86.19364,89.092705,7404.1475
1944-09-30,3000,-4661.34904521715,7404.1475,89.092705,91.430695,9440.328
1944-10-31,4000,-3959.5823557234,9440.328,91.430695,92.60498,10722.643
1944-11-30,8851.4747275913,-6598.81317552813,10722.643,92.60498,87.89052,8072.625
1944-12-31,13620.9670788481,-5290.32258064516,8072.625,87.89052,78.45045,7451.788
1945-01-31,8503.82920591178,-5000,7451.788,78.45045,79.14819,6810.0376
1945-02-28,60209.8012891522,-4316.42857142857,6810.0376,79.14819,57.616245,845.7922
1945-03-31,24039.8350471028,-3500,845.7922,57.616245,61.926003,695.5119
1945-04-30,13278.0809649475,-1925.22457257156,695.5119,61.926003,70.22875,2262.8337
1945-05-31,10016.4731235352,-1968.6387916138,2262.8337,70.22875,77.25248,4657.1855
1945-06-30,7243.3335,-4999.99999999998,4657.1855,77.25248,81.94306,7304.132
1945-07-31,5000,-8964.34485944638,7304.132,81.94306,85.38166,11031.365
1945-08-31,3500,-6918.67068530655,11031.365,85.38166,89.407585,13862.438
1945-09-30,3429.34464323671,-6365.1665154934,13862.438,89.407585,91.907555,9498.689
1945-10-31,5130.19789613984,-5611.43251442103,9498.689,91.907555,91.24536,9522.497
1945-11-30,8325.30864917768,-9499.70202852567,9522.497,91.24536,87.73878,6916.175
1945-12-31,79928.8603070439,-5290.32258064516,6916.175,87.73878,56.239693,1309.0828
1946-01-31,52539.5288878826,-4516.12903225806,1309.0828,56.239693,55.633507,268.2996
1946-02-28,22909.3886650215,-4033.03571428571,268.2996,55.633507,62.58715,632.33234
1946-03-31,22016.7686793999,-3500,632.33234,62.58715,64.62208,1334.4131
1946-04-30,14983.9946484315,-2138.17651484796,1334.4131,64.62208,68.90422,2252.148
1946-05-31,11997.0601983792,-2100.46259343964,2252.148,68.90422,74.76957,4203.7393
1946-06-30,7100,-5000,4203.7393,74.76957,81.008446,6603.7705
1946-07-31,7944.58811370164,-10008.7209057457,6603.7705,81.008446,83.50635,4238.922
1946-08-31,4260.77186817586,-10090.1877752657,4238.922,83.50635,87.35239,5638.768
1946-09-30,4097.56196892628,-6516.49288733314,5638.768,87.35239,89.8341,8042.6494
1946-10-31,4000,-6832.70299133849,8042.6494,89.8341,91.34555,8883.959
1946-11-30,6424.78254614564,-6020.89807717222,8883.959,91.34555,90.42064,8339.722
1946-12-31,8649.15335016456,-6687.15224891391,8339.722,90.42064,86.21567,5231.1978
1947-01-31,6000,-5000,5231.1978,86.21567,86.982185,8906.935
1947-02-28,15347.5170560815,-4316.42857142857,8906.935,86.982185,79.43791,3380.4397
1947-03-31,14996.9782646627,-4625,3380.4397,79.43791,71.703224,2962.9548
1947-04-30,11481.1878272165,-2347.35340680834,2962.9548,71.703224,74.63259,4313.694
1947-05-31,8776.42812766194,-2603.71827722815,4313.694,74.63259,79.56443,6103.863
1947-06-30,7100,-4103.09240929628,6103.863,79.56443,82.99732,8076.4536
1947-07-31,5000,-4291.13474834427,8076.4536,82.99732,86.084755,10339.003
1947-08-31,3500,-2979.9555094583,10339.003,86.084755,90.89379,7912.4185
1947-09-30,3000,-4250.27361539444,7912.4185,90.89379,92.99686,10151.318
1947-10-31,4970.56892621406,-4773.7992029652,10151.318,92.99686,91.49296,9965.976
1947-11-30,4913.96893324158,-3707.18981137147,9965.976,91.49296,91.789474,9769.601
1947-12-31,5329.26321891919,-1935.23026181615,9769.601,91.789474,91.5654,9478.027
1948-01-31,13526.100659526,-3645.16129032258,9478.027,91.5654,82.99047,4392.0557
1948-02-29,11144.827,-2805.1085099156,4392.0557,82.99047,77.46703,4038.1084
1948-03-31,13629.1388626795,-4532.04117294909,4038.1084,77.46703,74.210075,5225.0146
1948-04-30,28420.918589249,-2313.09086565319,5225.0146,74.210075,63.73846,3108.3352
1948-05-31,22272.7819514991,-2413.80128039816,3108.3352,63.73846,64.251274,1275.22
1948-06-30,7402.0835,-5000,1275.22,64.251274,76.15008,3268.4844
1948-07-31,5000,-11544.5043393365,3268.4844,76.15008,84.72718,8145.8213
1948-08-31,3500,-5845.24270766629,8145.8213,84.72718,87.67449,11687.539
1948-09-30,3000,-5937.29865873006,11687.539,87.67449,91.75554,9115.425
1948-10-31,4225.21932871388,-4693.60749629135,9115.425,91.75554,92.625114,10119.671
1948-11-30,5501.26993256708,-4318.77909304963,10119.671,92.625114,91.68367,9528.16
1948-12-31,9169.69217704323,-4491.14917222093,9528.16,91.68367,87.277725,6083.686
1949-01-31,7069.66266913704,-5000,6083.686,87.277725,85.78466,8349.817
1949-02-28,11552.2972056504,-4955,8349.817,85.78466,81.97283,3754.061
1949-03-31,44796.740313472,-4625,3754.061,81.97283,60.09564,1618.0621
1949-04-30,13586.8662908226,-2395.06644582851,1618.0621,60.09564,67.94162,1373.2183
1949-05-31,9251.613,-2669.40170428639,1373.2183,67.94162,77.90749,4441.868
1949-06-30,7100,-4471.2433271556,4441.868,77.90749,82.43056,7265.604
1949-07-31,5000,-5040.19880733163,7265.604,82.43056,85.54489,10035.327
1949-08-31,3500,-3077.45047602418,10035.327,85.54489,89.62568,13061.193
1949-09-30,3000,-4445.23995895976,13061.193,89.62568,92.41748,10198.182
1949-10-31,4000,-3773.58016613103,10198.182,92.41748,92.920586,10905.222
1949-11-30,4863.97864852495,-3205.13919684901,10905.222,92.920586,92.601295,10385.826
1949-12-31,5848.01252263536,-2197.40705199054,10385.826,92.601295,91.64936,9212.959
1950-01-31,25435.3294510818,-3645.16129032258,9212.959,91.64936,71.21567,2210.5242
1950-02-28,40667.122869833,-4316.42857142857,2210.5242,71.21567,58.85592,527.1377
1950-03-31,16354.8384292905,-3935,527.1377,58.85592,66.151474,1133.0837
1950-04-30,16398.2504482918,-2411.89730084377,1133.0837,66.151474,69.5126,2745.8567
1950-05-31,12065.5388089045,-2452.66578167995,2745.8567,69.5126,74.127655,3737.626
1950-06-30,7025.8335,-5000,3737.626,74.127655,80.92984,5876.1943
1950-07-31,5000,-11004.9386025376,5876.1943,80.92984,85.3841,9561.034
1950-08-31,3500,-6053.48025040433,9561.034,85.3841,88.94778,13004.749
1950-09-30,3504.96338861995,-5736.19282214866,13004.749,88.94778,91.68103,9796.365
1950-10-31,5100.72500416333,-6571.08933673787,9796.365,91.68103,91.10831,9207.439
1950-11-30,45547.0627449553,-8185.33833285935,9207.439,91.10831,62.439518,1465.7063
1950-12-31,112318.819598821,-4266.81244193156,1465.7063,62.439518,52.908554,240.49681
1951-01-31,77704.3114721388,-4516.12903225806,240.49681,52.908554,53.511467,231.1534
1951-02-28,72727.0454783734,-4464.28571428572,231.1534,53.511467,53.956604,233.20781
1951-03-31,33032.4233254063,-3500,233.20781,53.956604,59.42859,364.1875
1951-04-30,12809.995037025,-2338.33766478912,364.1875,59.42859,69.30466,1609.8801
1951-05-31,12132.0140033978,-1981.50308904469,1609.8801,69.30466,75.294785,4432.683
1951-06-30,9277.20524726592,-4689.4333333128,4432.683,75.294785,78.78985,6156.7104
1951-07-31,9862.66274032338,-9032.12772308856,6156.7104,78.78985,80.74381,2992.9783
1951-08-31,6709.6772,-10759.0542986924,2992.9783,80.74381,83.216385,3672.383
1951-09-30,16250,-4454.49918191788,3672.383,83.216385,74.08017,5712.702
1951-10-31,11406.25,-4366.08588980517,5712.702,74.08017,74.04253,4397.745
1951-11-30,5753.08310354547,-9211.35116346647,4397.745,74.04253,82.531876,7110.925
1951-12-31,36157.5258749257,-5290.32258064516,7110.925,82.531876,63.936546,4747.4185
1952-01-31,107167.118325159,-4516.12903225806,4747.4185,63.936546,53.023006,324.61185
1952-02-29,102123.787600431,-4482.75862068965,324.61185,53.023006,52.969387,227.3327
1952-03-31,73855.0078967365,-3500,227.3327,52.969387,53.842777,229.55096
1952-04-30,49160.7986239409,-3995,229.55096,53.842777,56.148067,260.95193
1952-05-31,45408.4099912657,-3122.54534897577,260.95193,56.148067,56.93431,332.92062
1952-06-30,16000.6659171863,-5000,332.92062,56.93431,66.377815,1085.1438
1952-07-31,8325.26881722581,-7999.99458602872,1085.1438,66.377815,77.31527,4159.644
1952-08-31,6074.5967,-10664.5856943549,4159.644,77.31527,82.87188,8885.882
1952-09-30,16406.25,-3251.3921507832,8885.882,82.87188,73.97201,8567.743
1952-10-31,11250,-3176.71921795551,8567.743,73.97201,73.989265,4871.472
1952-11-30,5541.10940743235,-9390.63607171698,4871.472,73.989265,82.5707,7286.1484
1952-12-31,37072.1139501841,-5290.32258064516,7286.1484,82.5707,63.572742,4079.157
1953-01-31,96666.4836721512,-4516.12903225806,4079.157,63.572742,53.352238,307.3024
1953-02-28,22900.5165199059,-4464.28571428571,307.3024,53.352238,62.165592,492.88007
1953-03-31,18069.4758044976,-3500,492.88007,62.165592,66.5925,1430.3469
1953-04-30,21510.9468786159,-1972.14286500153,1430.3469,66.5925,65.70305,1805.4415
1953-05-31,18856.3643522048,-1863.53717056109,1805.4415,65.70305,66.87031,1824.5743
1953-06-30,11301.2368345468,-5000,1824.5743,66.87031,73.471115,3179.4773
1953-07-31,9881.76129457031,-10861.2488671026,3179.4773,73.471115,79.749565,2249.7678
1953-08-31,7035.92744414062,-10299.026105595,2249.7678,79.749565,82.59278,3366.6887
1953-09-30,16406.25,-8356.00145056132,3366.6887,82.59278,73.98527,5112.151
1953-10-31,11562.5,-2693.90470813646,5112.151,73.98527,73.902115,3877.1807
1953-11-30,4500,-7167.87826944617,3877.1807,73.902115,83.311485,7077.542
1953-12-31,4500,-7217.46478112638,7077.542,83.311485,87.8095,11700.678
1954-01-31,21110.5649263089,-3645.16129032258,11700.678,87.8095,73.69525,2797.9639
1954-02-28,49873.8882553433,-4156.25,2797.9639,73.69525,57.59369,412.12622
1954-03-31,35328.7587054663,-3500,412.12622,57.59369,58.957207,416.80197
1954-04-30,32824.1373137869,-2531.18401259694,416.80197,58.957207,60.124058,612.77124
1954-05-31,14637.8721398285,-2203.63676830535,612.77124,60.124058,68.30729,1635.921
1954-06-30,8099.42573825834,-4689.4333333128,1635.921,68.30729,78.34527,4659.938
1954-07-31,12701.6723398383,-10172.5038035165,4659.938,78.34527,78.66333,2353.5847
1954-08-31,6935.26363916016,-11362.9924633619,2353.5847,78.66333,81.626656,2842.5557
1954-09-30,16250,-3860.36595195221,2842.5557,81.626656,73.90808,4815.6416
1954-10-31,11718.75,-2650.22695738408,4815.6416,73.90808,73.9744,4464.881
1954-11-30,5914.64681825988,-9063.4184579222,4464.881,73.9744,82.08289,7045.9707
1954-12-31,16982.2857786852,-5290.32258064516,7045.9707,82.08289,74.39851,7116.825
1955-01-31,18150.5772336977,-4516.12903225806,7116.825,74.39851,68.0092,3443.6848
1955-02-28,10156.25,-4242.67968470698,3443.6848,68.0092,73.95897,3787.4966
1955-03-31,7699.54143518518,-3191.29180404421,3787.4966,73.95897,80.26344,6953.984
1955-04-30,12501.9797457556,-1505.66324945882,6953.984,80.26344,77.57333,8115.911
1955-05-31,9994.92064987778,-458.718731252973,8115.911,77.57333,78.04471,6899.1235
1955-06-30,7673.3335,-5000,6899.1235,78.04471,81.5393,7624.0635
1955-07-31,5515.33373146535,-4728.54936156118,7624.0635,81.5393,85.69276,4820.0845
1955-08-31,4285.74153743788,-4071.33091279247,4820.0845,85.69276,89.28656,6763.9004
1955-09-30,3000,-4868.27480042437,6763.9004,89.28656,91.51037,9331.44
1955-10-31,4000,-3914.12425736089,9331.44,91.51037,92.780075,10167.281
1955-11-30,5342.46538621686,-3543.97832452999,10167.281,92.780075,92.28493,10017.821
1955-12-31,106842.488142879,-5275.77744910032,10017.821,92.28493,55.482807,1270.3256
1956-01-31,187128.756538578,-347.384879869613,1270.3256,55.482807,51.43953,228.96974
1956-02-29,96826.5392304115,-4482.75862068965,228.96974,51.43953,52.916916,228.06172
1956-03-31,40105.0364014808,-3500,228.06172,52.916916,57.558094,261.01175
1956-04-30,18650.6460176293,-1152.33214961949,261.01175,57.558094,65.24201,970.341
1956-05-31,21691.5682834559,-2470.55924199799,970.341,65.24201,65.48213,1764.453
1956-06-30,8189.79021119871,-4231.26711895975,1764.453,65.48213,75.543,3549.4973
1956-07-31,9384.63939526135,-9332.24069018134,3549.4973,75.543,80.17482,7165.5566
1956-08-31,6330.31849902344,-8913.88394692546,7165.5566,80.17482,82.19111,8711.832
1956-09-30,16250,-6344.43758362916,8711.832,82.19111,74.03518,7806.6655
1956-10-31,11406.25,-3347.27224829555,7806.6655,74.03518,73.99844,4842.4316
1956-11-30,4500,-8681.17997982278,4842.4316,73.99844,83.61861,7506.156
1956-12-31,5170.62562368643,-9006.40898015175,7506.156,83.61861,87.58113,12014.69
1957-01-31,10576.9152043595,-3662.55189468536,12014.69,87.58113,84.12783,5906.741
1957-02-28,16961.7510887293,-4156.25,5906.741,84.12783,75.140175,1987.995
1957-03-31,37875.3932901928,-3500,1987.995,75.140175,60.16845,770.3797
1957-04-30,13776.2952802042,-1764.53294533631,770.3797,60.16845,68.2758,1456.5131
1957-05-31,21930.4482299392,-1970.03692725617,1456.5131,68.2758,66.91693,2681.5247
1957-06-30,6656.25,-5000,2681.5247,66.91693,77.14388,4002.216
1957-07-31,8951.3759302043,-10884.7459639524,4002.216,77.14388,82.03474,3641.0398
1957-08-31,4000,-7997.75055445496,3641.0398,82.03474,86.03076,5509.305
1957-09-30,4250.88189439998,-7239.72789079518,5509.305,86.03076,89.36709,7985.8374
1957-10-31,18696.0528439233,-1317.35547641488,7985.8374,89.36709,75.20478,2798.4685
1957-11-30,4500,-8205.33631554666,2798.4685,75.20478,80.326256,4527.072
1957-12-31,21200.8177224054,-5290.32258064516,4527.072,80.326256,71.59464,6921.0586
1958-01-31,36949.9177596374,-4516.12903225806,6921.0586,71.59464,59.9045,1539.6527
1958-02-28,214315.357756529,-4156.25,1539.6527,59.9045,50.851112,267.3727
1958-03-31,113312.778534582,-3500,267.3727,50.851112,52.646324,225.96841
1958-04-30,99095.010507994,-1450.75083292132,225.96841,52.646324,53.04855,227.21625
1958-05-31,30476.4017317442,-1134.13480630468,227.21625,53.04855,59.96599,349.16153
1958-06-30,10466.1396403732,-5000,349.16153,59.96599,71.719505,1920.7439
1958-07-31,8569.38771371018,-9132.41734086021,1920.7439,71.719505,79.68196,5668.0005
1958-08-31,6356.855,-10155.2944271616,5668.0005,79.68196,82.619514,8841.444
1958-09-30,16250,-8998.63814904559,8841.444,82.619514,73.92159,7864.124
1958-10-31,11562.5,-3944.41513929202,7864.124,73.92159,74.03458,4276.17
1958-11-30,4500,-9665.54054659738,4276.17,74.03458,83.525055,7234.364
1958-12-31,4791.20052654855,-9724.67116317165,7234.364,83.525055,87.86298,11912.684
1959-01-31,25245.3149629519,-3645.16129032259,11912.684,87.86298,70.004074,2184.0007
1959-02-28,54150.3990829455,-4156.25,2184.0007,70.004074,56.58241,438.15726
1959-03-31,14540.7060538343,-3500,438.15726,56.58241,66.83157,1027.866
1959-04-30,10651.589452459,-2348.33100553851,1027.866,66.83157,75.79979,4142.6274
1959-05-31,10848.5972494734,-2532.09419359603,4142.6274,75.79979,78.22913,6273.1294
1959-06-30,7100,-5000,6273.1294,78.22913,81.51481,7602.289
1959-07-31,7515.58794744383,-7581.22884925524,7602.289,81.51481,83.974075,4920.0024
1959-08-31,4000,-6706.33635652409,4920.0024,83.974075,87.98283,6422.749
1959-09-30,5830.62229958506,-8000.51248770837,6422.749,87.98283,88.180084,7617.093
1959-10-31,4000,-4056.07230340054,7617.093,88.180084,89.3875,11626.476
1959-11-30,4500,-3307.97937041352,11626.476,89.3875,91.94075,9477.874
1959-12-31,5330.60920278945,-2478.04537123479,9477.874,91.94075,91.05235,9381.557
1960-01-31,11065.5184894053,-2757.24398522317,9381.557,91.05235,84.888565,5589.799
1960-02-29,36567.7647770072,-4445.51724137931,5589.799,84.888565,62.65235,935.70984
1960-03-31,19109.6374727121,-3935,935.70984,62.65235,64.668274,959.15784
1960-04-30,15180.6503261546,-2112.39494866069,959.15784,64.668274,69.848274,2359.5354
1960-05-31,7923.82971646842,-2470.23336989301,2359.5354,69.848274,78.51335,4867.555
1960-06-30,7100,-5000,4867.555,78.51335,83.217445,8726.112
1960-07-31,5645.80765468361,-11444.3397611625,8726.112,83.217445,85.05651,11658.43
1960-08-31,3681.79546778123,-4979.00250730212,11658.43,85.05651,89.89176,8411.732
1960-09-30,3576.21655285712,-4444.36471235914,8411.732,89.89176,92.02854,10319.581
1960-10-31,4000,-3933.88829615524,10319.581,92.02854,91.996796,10039.592
1960-11-30,7316.60008727472,-5455.3493061342,10039.592,91.996796,90.26778,8851.893
1960-12-31,10717.9345392374,-5290.32258064516,8851.893,90.26778,82.906105,9281.163
1961-01-31,7816.93272542441,-4999.99999999999,9281.163,82.906105,82.42856,8553.694
1961-02-28,29423.0533231257,-4316.42857142857,8553.694,82.42856,66.06234,1395.7361
1961-03-31,14192.3664008769,-3935,1395.7361,66.06234,68.17875,1582.036
1961-04-30,10397.3319409554,-1937.95788080755,1582.036,68.17875,75.970085,4325.0444
1961-05-31,9279.85403028738,-2335.23299257012,4325.0444,75.970085,79.86827,6542.408
1961-06-30,7100,-5000,6542.408,79.86827,82.67196,8311.068
1961-07-31,5000,-8028.02783316043,8311.068,82.67196,85.99982,11375.478
1961-08-31,3500,-3805.60270320529,11375.478,85.99982,89.749626,14465.833
1961-09-30,3300.4228759083,-4766.74617420083,14465.833,89.749626,92.13553,10739.768
1961-10-31,4000,-3557.59627154257,10739.768,92.13553,92.48899,10886.132
1961-11-30,5296.43302618345,-3132.88911976337,10886.132,92.48899,92.09668,10474.783
1961-12-31,10548.5415845778,-5290.32258064516,10474.783,92.09668,85.573616,5197.175
1962-01-31,6000,-4452.73496626106,5197.175,85.573616,85.249275,7153.619
1962-02-28,71143.98282142,-4427.32142857143,7153.619,85.249275,57.330513,1117.3033
1962-03-31,23110.0758524667,-3500,1117.3033,57.330513,62.205334,636.0017
1962-04-30,13468.4103390657,-2666.32899167383,636.0017,62.205334,70.2396,2155.9502
1962-05-31,12541.8715109435,-2553.06138973456,2155.9502,70.2396,74.62011,4315.6055
1962-06-30,6875,-4999.99999999999,4315.6055,74.62011,80.90843,6219.064
1962-07-31,5000,-10980.0906194533,6219.064,80.90843,85.582016,10418.6
1962-08-31,3500,-6466.55847428908,10418.6,85.582016,88.95009,13708.442
1962-09-30,3672.32019091073,-5436.32090636211,13708.442,88.95009,91.579994,9871.947
1962-10-31,34904.8490138191,-10100.96775573,9871.947,91.579994,65.61293,1842.4454
1962-11-30,4500,-10209.5214871365,1842.4454,65.61293,76.88441,2604.6694
1962-12-31,25360.5282515339,-5290.32258064516,2604.6694,76.88441,68.57901,4751.1475
1963-01-31,13538.9814995235,-4516.12903225806,4751.1475,68.57901,69.60568,2524.569
1963-02-28,84070.6796044568,-4033.03571428571,2524.569,69.60568,54.773705,811.44916
1963-03-31,24303.699113138,-3500,811.44916,54.773705,61.86965,588.5412
1963-04-30,93615.881248149,-3362.81641828056,588.5412,61.86965,53.765392,370.9765
1963-05-31,25830.0880466761,-2387.45145763626,370.9765,53.765392,61.579,537.63763
1963-06-30,9000,-5000,537.63763,61.579,73.97181,2598.807
1963-07-31,8325.26881722581,-10439.6841889566,2598.807,73.97181,80.60993,6671.2217
1963-08-31,6145.161,-10136.9273904709,6671.2217,80.60993,83.02924,9098.301
1963-09-30,16406.25,-8249.61654309664,9098.301,83.02924,74.025635,7663.9146
1963-10-31,11250,-2881.66952086813,7663.9146,74.025635,73.970055,4360.4136
1963-11-30,15181.1221208827,-9022.27473237371,4360.4136,73.970055,73.41765,5117.378
1963-12-31,4500,-10092.6879858651,5117.378,73.41765,81.697495,6544.844
1964-01-31,21374.150843084,-3645.16129032258,6544.844,81.697495,72.01229,1972.4586
1964-02-29,9218.32418309885,-4439.33212784814,1972.4586,72.01229,73.970406,2476.7346
1964-03-31,8387.49453411462,-3500,2476.7346,73.970406,79.999565,6781.09
1964-04-30,10964.9122417705,-2078.09631972427,6781.09,79.999565,78.6842,8126.0747
1964-05-31,9447.61615231227,-2540.0899344721,8126.0747,78.6842,79.67611,7404.5435
1964-06-30,7100,-5000,7404.5435,79.67611,82.563995,7839.8604
1964-07-31,5598.32166605241,-8264.27144907939,7839.8604,82.563995,86.3556,5143.9507
1964-08-31,4202.75360285082,-5026.80403267942,5143.9507,86.3556,90.08761,6774.583
1964-09-30,3000,-5301.38274631095,6774.583,90.08761,92.10165,9448.448
1964-10-31,4160.17567839637,-3977.38766775835,9448.448,92.10165,92.47773,10548.616
1964-11-30,8284.07474082927,-5999.95586492456,10548.616,92.47773,88.50881,8162.0415
1964-12-31,98505.7086216167,-5290.32258064516,8162.0415,88.50881,55.26781,1318.5802
1965-01-31,134628.648226124,-4516.12903225806,1318.5802,55.26781,52.135998,228.6408
1965-02-28,36801.7778036032,-4464.28571428571,228.6408,52.135998,58.234406,275.90128
1965-03-31,14138.8857231179,-3500,275.90128,58.234406,67.81494,1417.5679
1965-04-30,44121.766253226,-1458.54965357565,1417.5679,67.81494,59.038357,1232.3635
1965-05-31,16190.403463497,-2556.49124482695,1232.3635,59.038357,66.62677,1191.1138
1965-06-30,7040.23706185973,-3875.66155701769,1191.1138,66.62677,78.785576,4124.946
1965-07-31,10981.7821378018,-10600.6805403566,4124.946,78.785576,79.55667,7465.5957
1965-08-31,6271.97484087524,-10180.5092498591,7465.5957,79.55667,81.59992,8041.8076
1965-09-30,16250,-5526.93553988708,8041.8076,81.59992,74.06433,7350.9956
1965-10-31,11250,-3868.5501097083,7350.9956,74.06433,74.02861,4717.704
1965-11-30,11948.5477081365,-7773.33756494297,4717.704,74.02861,76.31988,5687.576
1965-12-31,6239.50980871129,-9286.592907303,5687.576,76.31988,81.48405,7261.0366
1966-01-31,27887.222859024,-3645.16129032258,7261.0366,81.48405,66.46098,5182.093
1966-02-28,27219.6172691043,-4033.03571428571,5182.093,66.46098,62.362946,1188.0906
1966-03-31,20441.444933133,-3500,1188.0906,62.362946,64.966545,1247.3318
1966-04-30,12653.6887459733,-2179.69032256124,1247.3318,64.966545,71.24494,2572.7585
1966-05-31,10625.8922260253,-2050.89066974982,2572.7585,71.24494,77.0757,4889.9473
1966-06-30,7100,-5000,4889.9473,77.0757,81.7643,7270.9214
1966-07-31,9435.94820683997,-11302.1125558636,7270.9214,81.7643,82.443184,3783.962
1966-08-31,4000,-8458.91763209366,3783.962,82.443184,86.79876,5343.815
1966-09-30,3030.17028546805,-5312.2561130563,5343.815,86.79876,90.887566,9209.188
1966-10-31,4000,-3986.49804412125,9209.188,90.887566,92.1837,10261.2705
1966-11-30,7993.40645376436,-7551.20008024776,10261.2705,92.1837,88.85369,7690.967
1966-12-31,36327.2226113774,-5290.32258064515,7690.967,88.85369,63.812546,3531.4287
1967-01-31,56420.8989389699,-4516.12903225806,3531.4287,63.812546,55.68245,391.54584
1967-02-28,55026.5853502826,-4464.28571428571,391.54584,55.68245,55.498528,272.44925
1967-03-31,56070.0939050313,-3500,272.44925,55.498528,55.36888,263.9335
1967-04-30,58243.0252066942,-3526.38621227646,263.9335,55.36888,55.17477,267.28125
1967-05-31,43003.4915197157,-1134.13480630468,267.28125,55.17477,57.264397,332.3696
1967-06-30,19058.1920310385,-5000,332.3696,57.264397,64.875145,958.6656
1967-07-31,8325.26881722581,-7659.56440271321,958.6656,64.875145,76.16198,3555.0657
1967-08-31,6702.51170800781,-10445.4158104144,3555.0657,76.16198,82.262856,7952.9136
1967-09-30,15937.5,-5363.70973345111,7952.9136,82.262856,74.00187,7832.5615
1967-10-31,11406.25,-3434.83895067035,7832.5615,74.00187,73.96386,4780.172
1967-11-30,4674.1231996722,-9562.37924509265,4780.172,73.96386,83.34835,7486.0757
1967-12-31,6065.49427679191,-9254.09040627613,7486.0757,83.34835,86.52802,11491.442
1968-01-31,23220.1947623167,-3645.16129032259,11491.442,86.52802,71.16399,2190.4146
1968-02-29,49806.4192965945,-4172.41379310345,2190.4146,71.16399,57.333736,449.224
1968-03-31,32867.5137558267,-3500,449.224,57.333736,59.49657,448.49765
1968-04-30,10899.0880316989,-2448.16768955013,448.49765,59.49657,71.1324,2014.6365
1968-05-31,9032.38481482402,-2484.70814063706,2014.6365,71.1324,79.69277,5536.0767
1968-06-30,7889.31921569519,-5000,5536.0767,79.69277,83.495575,4018.3008
1968-07-31,10643.033188379,-11281.6479065537,4018.3008,83.495575,81.2495,3181.727
1968-08-31,4000,-10808.5995136739,3181.727,81.2495,84.83353,7035.91
1968-09-30,3000,-5795.62778565896,7035.91,84.83353,89.23972,13383.011
1968-10-31,4000,-5125.5714221784,13383.011,89.23972,91.3255,9828.285
1968-11-30,6323.70949192413,-4914.75553605207,9828.285,91.3255,90.88494,9264.137
1968-12-31,21972.1897405219,-5290.32258064516,9264.137,90.88494,73.99986,2564.7114
1969-01-31,151907.465983402,-4516.12903225806,2564.7114,73.99986,52.54869,316.5646
1969-02-28,165702.55763456,2589.92975513975,316.5646,52.54869,51.965385,228.9813
1969-03-31,63994.9806308059,-365.042098135185,228.9813,51.965385,54.514683,230.06055
1969-04-30,46363.431373383,-184.782050783685,230.06055,54.514683,56.582207,263.65207
1969-05-31,38929.9555481896,2581.79797012986,263.65207,56.582207,58.43045,337.9836
1969-06-30,14871.0466304793,-2549.82749302501,337.9836,58.43045,67.46012,1086.5013
1969-07-31,8325.26881722581,-6980.56604667506,1086.5013,67.46012,77.9342,4422.311
1969-08-31,6612.67294628905,-8938.30861008316,4422.311,77.9342,82.377686,8650.614
1969-09-30,15937.5,-4109.34444428135,8650.614,82.377686,73.953125,8051.484
1969-10-31,11406.25,-5307.97629608837,8051.484,73.953125,74.05446,4842.0327
1969-11-30,4906.311893519,-9326.83914197632,4842.0327,74.05446,82.92068,7559.529
1969-12-31,50341.9353115567,-5290.32258064516,7559.529,82.92068,59.73774,3453.5305
1970-01-31,228770.123575422,-3985.12435127259,3453.5305,59.73774,50.153946,254.68115
1970-02-28,82511.5138153877,-4464.28571428571,254.68115,50.153946,53.37385,229.1562
1970-03-31,36476.6628499157,-3500,229.1562,53.37385,58.431564,282.77258
1970-04-30,14736.5872891728,-2664.69844789722,282.77258,58.431564,67.50046,1239.6923
1970-05-31,9362.32792210422,-2642.24472147124,1239.6923,67.50046,77.17094,4371.985
1970-06-30,9891.36688476601,-4689.4333333128,4371.985,77.17094,79.84514,6916.973
1970-07-31,9018.72888552968,-10127.8996023504,6916.973,79.84514,80.10372,7726.875
1970-08-31,6427.4194,-10930.2784355123,7726.875,80.10372,82.76674,9140.995
1970-09-30,16250,-4407.52530998181,9140.995,82.76674,73.98284,7913.305
1970-10-31,11250,-4062.25029894873,7913.305,73.98284,74.035194,4794.194
1970-11-30,13672.2672595836,-8476.61327296285,4794.194,74.035194,74.6706,5041.963
1970-12-31,60905.9474021589,-5290.32258064516,5041.963,74.6706,56.77977,1321.8541
1971-01-31,49974.1681408626,-4516.12903225806,1321.8541,56.77977,56.131733,309.68427
1971-02-28,23229.2224135545,-4464.28571428571,309.68427,56.131733,62.633392,598.17346
1971-03-31,45554.489382341,-3500,598.17346,62.633392,57.842354,511.25464
1971-04-30,21006.5558369164,-2728.90504391963,511.25464,57.842354,63.993736,858.1466
1971-05-31,19823.3485879161,-1965.78444771873,858.1466,63.993736,66.195885,1626.406
1971-06-30,6806.39553647794,-4689.4333333128,1626.406,66.195885,77.31398,3885.3813
1971-07-31,11282.4186627684,-10925.3264226455,3885.3813,77.31398,79.047714,7280.994
1971-08-31,6189.25535078125,-11315.3930009782,7280.994,79.047714,81.287636,7943.8413
1971-09-30,16250,-7829.12712978647,7943.8413,81.287636,74.080246,7159.784
1971-10-31,11250,-2335.4995037566,7159.784,74.080246,74.07178,4163.1055
1971-11-30,4500,-6307.25229711453,4163.1055,74.07178,83.59868,7375.2656
1971-12-31,14706.5569311135,-5290.32258064516,7375.2656,83.59868,77.72043,8582.841
1972-01-31,12404.6424365315,-4516.12903225806,8582.841,77.72043,74.072716,5043.379
1972-02-29,15644.3889897936,-4172.41379310345,5043.379,74.072716,71.31895,4164.6587
1972-03-31,18966.5358664744,-3500,4164.6587,71.31895,67.386856,2747.9841
1972-04-30,11618.8175563321,-1912.27899170891,2747.9841,67.386856,72.91667,3171.3708
1972-05-31,10247.7941353119,-2810.24603485753,3171.3708,72.91667,78.050186,5722.213
1972-06-30,7248.30465011923,-5000,5722.213,78.050186,81.638954,7756.272
1972-07-31,9646.32792365301,-11139.828661069,7756.272,81.638954,81.94719,3629.9424
1972-08-31,4000,-6225.471904576,3629.9424,81.94719,86.45601,4679.355
1972-09-30,3000,-6617.46400248983,4679.355,86.45601,89.81599,11788.922
1972-10-31,4466.86076497645,-5643.90085712124,11788.922,89.81599,91.070175,9668.615
1972-11-30,12698.5047412511,-8265.25361829243,9668.615,91.070175,83.110985,4687.9097
1972-12-31,25654.7415861967,-5290.32258064516,4687.9097,83.110985,66.485886,2630.8013
1973-01-31,86378.895185192,-4516.12903225806,2630.8013,66.485886,53.924488,422.45877
1973-02-28,100483.669114224,-4033.03571428571,422.45877,53.924488,53.013092,228.15251
1973-03-31,61027.7196954333,-3500,228.15251,53.013092,54.68421,235.07416
1973-04-30,16963.0442312555,-1707.40427398711,235.07416,54.68421,65.06754,864.1408
1973-05-31,11440.7416192544,-2345.76240677666,864.1408,65.06754,74.288185,3173.4792
1973-06-30,8995.97010247149,-4689.43333331281,3173.4792,74.288185,79.37312,5795.0635
1973-07-31,10972.2843301969,-9851.61623031639,5795.0635,79.37312,79.956635,2632.4583
1973-08-31,6921.371,-9185.95392231609,2632.4583,79.956635,82.53475,3095.654
1973-09-30,16250,-3630.65149578741,3095.654,82.53475,73.94931,5216.968
1973-10-31,11562.5,-4954.94695638069,5216.968,73.94931,74.0843,4529.0737
1973-11-30,40317.3860082169,-8550.66674187967,4529.0737,74.0843,60.632133,2303.3752
1973-12-31,80506.0095725496,-5290.32258064516,2303.3752,60.632133,53.694656,287.94812
1974-01-31,144478.734771533,-4516.12903225806,287.94812,53.694656,51.89403,229.33559
1974-02-28,47891.6246721813,-4464.28571428571,229.33559,51.89403,56.22694,240.44995
1974-03-31,114225.448106412,-3500,240.44995,56.22694,52.953335,237.53632
1974-04-30,61954.3600731103,-3995,237.53632,52.953335,54.61818,234.91902
1974-05-31,17236.5372019249,-2284.55617701338,234.91902,54.61818,65.25143,947.66656
1974-06-30,7346.52761113333,-4338.6076891721,947.66656,65.25143,77.69581,4060.3203
1974-07-31,10309.0556420678,-10942.6191932977,4060.3203,77.69581,79.95286,7622.3833
1974-08-31,6506.75553378907,-11090.8523463203,7622.3833,79.95286,81.53365,8453.468
1974-09-30,15937.5,-7879.10191985385,8453.468,81.53365,74.04982,7673.115
1974-10-31,11562.5,-4036.03815044336,7673.115,74.04982,73.950325,4818.2
1974-11-30,4500,-8670.26371000038,4818.2,73.950325,83.422104,7644.1343
1974-12-31,6378.60366762824,-8667.79469526282,7644.1343,83.422104,86.29542,11567.806
1975-01-31,7731.46925046428,-4235.50208580838,11567.806,86.29542,85.762405,6141.5273
1975-02-28,57715.439661496,-4156.25,6141.5273,85.762405,59.226418,1050.759
1975-03-31,86758.4782563734,-3500,1050.759,59.226418,53.596123,235.56294
1975-04-30,30603.3515655678,-1380.71136267809,235.56294,53.596123,59.880947,413.01678
1975-05-31,22516.1006325261,-1984.06103066352,413.01678,59.880947,63.998695,1107.1873
1975-06-30,9829.86111113333,-4693.80277775753,1107.1873,63.998695,73.812836,2939.085
1975-07-31,9203.54649983453,-9982.10319542028,2939.085,73.812836,80.29108,2558.0046
1975-08-31,6824.24108007813,-9687.54606851576,2558.0046,80.29108,82.95633,3786.9614
1975-09-30,16598.1288066131,-8383.6306231999,3786.9614,82.95633,73.93289,5636.742
1975-10-31,11406.25,-5223.64728655418,5636.742,73.93289,74.046005,3950.146
1975-11-30,4547.96559258125,-9608.35679094419,3950.146,74.046005,83.71894,7497.8984
1975-12-31,4500,-7102.64107272877,7497.8984,83.71894,88.02282,11793.416
1976-01-31,7781.88416861258,-4813.87373883132,11793.416,88.02282,87.20571,6917.4854
1976-02-29,7841.3794,-4820,6917.4854,87.20571,86.016266,5273.129
1976-03-31,8818.83653736014,-3040.85458379233,5273.129,86.016266,83.074615,4443.1895
1976-04-30,9070.82855841024,-1540.74939881421,4443.1895,83.074615,81.55247,7484.1816
1976-05-31,4645.97717696102,-2164.1666295161,7484.1816,81.55247,85.9684,11645.698
1976-06-30,4000,-4258.14231726114,11645.698,85.9684,90.03689,14600.778
1976-07-31,4000,-5232.08237506381,14600.778,90.03689,91.98752,16687.496
1976-08-31,3002.03382639224,-3216.03591299831,16687.496,91.98752,92.47109,17053.803
1976-09-30,3000,-4381.13339710445,17053.803,92.47109,93.394455,11725.342
1976-10-31,4089.13392218731,-3361.71206493512,11725.342,93.394455,93.3064,11906.273
1976-11-30,3935.92315312977,-2729.79966251525,11906.273,93.3064,94.08805,11804.899
1976-12-31,8033.98537183365,-1068.95436774198,11804.899,94.08805,90.23216,8495.038
1977-01-31,4500,-4509.60332309607,8495.038,90.23216,90.04824,7975.677
1977-02-28,6777.35180332095,-633.461370434362,7975.677,90.04824,89.27599,8726.381
1977-03-31,9365.82141452909,-362.324366459609,8726.381,89.27599,83.84218,4923.6616
1977-04-30,4000,-882.005109803661,4923.6616,83.84218,86.41898,8344.005
1977-05-31,5213.5682055893,-1765.96632388061,8344.005,86.41898,90.547195,7946.8716
1977-06-30,3000,-1810.41730666604,7946.8716,90.547195,92.93533,12613.411
1977-07-31,3123.01993504648,-3177.84115860336,12613.411,92.93533,94.14516,17884.084
1977-08-31,3000,-2893.79558585828,17884.084,94.14516,93.7845,18497.623
1977-09-30,3500,-2749.06901456498,18497.623,93.7845,92.92216,11770.329
1977-10-31,3000,-1706.684263491,11770.329,92.92216,94.02833,11589.176
1977-11-30,4777.36929503407,-924.499671123949,11589.176,94.02833,94.056816,11375.128
1977-12-31,11877.8154527376,-4895.54605993159,11375.128,94.056816,85.23568,6211.1675
1978-01-31,72564.0664825267,-4516.12903225806,6211.1675,85.23568,55.930386,1128.2228
1978-02-28,64152.6428063434,-4156.25,1128.2228,55.930386,54.452435,246.59782
1978-03-31,66509.6796983331,-3500,246.59782,54.452435,54.3149,245.76068
1978-04-30,42984.8479818468,-85.4878877281162,245.76068,54.3149,57.10821,319.9385
1978-05-31,16139.6098044024,-3769.99999999999,319.9385,57.10821,66.51352,1183.6061
1978-06-30,9797.38885839736,-5000,1183.6061,66.51352,75.82488,3768.6853
1978-07-31,12747.0319134547,-10531.5635492711,3768.6853,75.82488,77.80925,1975.8639
1978-08-31,6803.66034736252,-10750.6178910392,1975.8639,77.80925,81.73544,2837.9343
1978-09-30,16250,-3184.93410546505,2837.9343,81.73544,74.02863,5371.4653
1978-10-31,11562.5,-5019.51877699019,5371.4653,74.02863,73.96437,4475.0415
1978-11-30,5698.46877316438,-9381.85288931645,4475.0415,73.96437,82.630844,7210.7363
1978-12-31,4500,-4645.42126443191,7210.7363,82.630844,87.41344,11207.366
1979-01-31,21399.7883141796,-5000,11207.366,87.41344,73.183075,2784.2476
1979-02-28,40471.9317047104,-4316.42857142857,2784.2476,73.183075,59.242245,833.42957
1979-03-31,28390.7590534156,-3935,833.42957,59.242245,60.987507,676.3845
1979-04-30,14645.9223607459,-1885.98089685937,676.3845,60.987507,68.42336,1794.6057
1979-05-31,13541.6970617676,-1672.00500386428,1794.6057,68.42336,73.302444,3626.3948
1979-06-30,8686.667,-5000.00000000001,3626.3948,73.302444,78.42668,5561.0127
1979-07-31,5580.59304480985,-7098.24516678373,5561.0127,78.42668,84.715775,5132.956
1979-08-31,4477.27436184992,-4077.60699246245,5132.956,84.715775,88.19893,7264.45
1979-09-30,3000,-6224.75329211549,7264.45,88.19893,91.37129,9378.713
1979-10-31,5424.74040468598,-5322.13309636356,9378.713,91.37129,90.98984,9569.352
1979-11-30,6719.35497335597,-7977.94238419654,9569.352,90.98984,89.14269,7751.0083
1979-12-31,18918.1885959213,-5290.32258064516,7751.0083,89.14269,74.18312,6802.375
1980-01-31,107037.691434339,-4516.12903225806,6802.375,74.18312,53.371246,652.8569
1980-02-29,148683.99062045,2337.62367966007,652.8569,53.371246,51.98127,229.53836
1980-03-31,58762.8479392588,-1035.70562531397,229.53836,51.98127,54.898556,233.00142
1980-04-30,22391.6899241616,-706.032822882692,233.00142,54.898556,62.716625,692.6746
1980-05-31,12499.7568479862,-3720.58632576135,692.6746,62.716625,71.61237,2445.0132
1980-06-30,9284.88579713042,-3173.05562686769,2445.0132,71.61237,78.22806,5151.4565
1980-07-31,8284.38388039676,-8134.27796941543,5151.4565,78.22806,82.01947,3113.7969
1980-08-31,6780.2417,-6942.33723558955,3113.7969,82.01947,83.922714,4077.8232
1980-09-30,16875,-3390.56540959657,4077.8232,83.922714,73.93028,5653.823
1980-10-31,11406.25,-4535.94727714866,5653.823,73.93028,73.995895,4325.9473
1980-11-30,4500,-7821.44821300336,4325.9473,73.995895,83.7245,7409.76
1980-12-31,5148.19209047612,-9135.30028364929,7409.76,83.7245,87.325554,11580.005
1981-01-31,21575.0244003473,-3645.16129032258,11580.005,87.325554,72.72065,2540.8132
1981-02-28,18858.0625578835,-4156.25,2540.8132,72.72065,66.45021,1508.4364
1981-03-31,19689.487216887,-3935,1508.4364,66.45021,66.19307,1969.683
1981-04-30,12218.0414033484,-1918.03739704265,1969.683,66.19307,71.94356,3335.9553
1981-05-31,9233.82543342613,-2257.14141741454,3335.9553,71.94356,79.081345,5894.436
1981-06-30,7100,-5000,5894.436,79.081345,82.65116,8218.057
1981-07-31,6278.02156098108,-9959.47821215935,8218.057,82.65116,85.60319,5614.0283
1981-08-31,4448.72649734343,-4374.70772093167,5614.0283,85.60319,89.15203,7094.1113
1981-09-30,3000,-5576.8078259265,7094.1113,89.15203,91.54227,9409.741
1981-10-31,5328.6889403575,-4718.77240035487,9409.741,91.54227,91.04669,9892.271
1981-11-30,27987.920885237,-9284.29506537115,9892.271,91.04669,68.88438,2158.82
1981-12-31,99905.6679667061,-5290.32258064516,2158.82,68.88438,53.4519,280.28354
1982-01-31,92360.0211346834,-4516.12903225806,280.28354,53.4519,52.945328,229.61523
1982-02-28,111915.750334686,-4464.28571428571,229.61523,52.945328,52.735516,228.73206
1982-03-31,90333.9517431168,-1859.04501712064,228.73206,52.735516,53.230236,228.50311
1982-04-30,132120.714304,3104.70326648723,228.50311,53.230236,52.472332,228.34782
1982-05-31,30763.3165914688,-1140.01832319096,228.34782,52.472332,59.95474,333.8161
1982-06-30,9674.78775880468,-4421.00630979895,333.8161,59.95474,72.48156,2066.5073
1982-07-31,8569.50380257737,-9568.12263091119,2066.5073,72.48156,79.91847,6135.897
1982-08-31,6286.2905,-9959.85865584845,6135.897,79.91847,82.81239,8860.646
1982-09-30,16250,-8522.2778068996,8860.646,82.81239,73.91178,8111.105
1982-10-31,22676.6535613394,-7012.17983762438,8111.105,73.91178,65.308365,3102.1094
1982-11-30,39595.4320769282,-4606.91174932617,3102.1094,65.308365,59.28441,890.9453
1982-12-31,94416.6310865056,-1203.92994381155,890.9453,59.28441,53.259262,281.57553
1983-01-31,108990.552150693,3905.21047118338,281.57553,53.259262,52.55992,230.01353
1983-02-28,214111.613886326,12681.232237354,230.01353,52.55992,50.687927,228.03792
1983-03-31,287541.894310047,20148.8961272393,228.03792,50.687927,49.459846,227.66066
1983-04-30,86218.4886948226,3669.29566007297,227.66066,49.459846,53.361984,228.92244
1983-05-31,62673.4590976836,4873.15783632491,228.92244,53.361984,54.533478,233.46011
1983-06-30,33586.4392046155,616.729882266944,233.46011,54.533478,59.27614,354.84366
1983-07-31,10968.5887651463,-8783.39432526389,354.84366,59.27614,70.99319,1962.4934
1983-08-31,8256.56626748045,-8219.42615140008,1962.4934,70.99319,79.34512,5831.7065
1983-09-30,17289.1574142051,-9365.65794515033,5831.7065,79.34512,71.938095,5925.756
1983-10-31,15283.9081840644,-6987.02677547306,5925.756,71.938095,69.83997,3489.0693
1983-11-30,82534.3140354772,634.50629584863,3489.0693,69.83997,54.85419,758.02374
1983-12-31,200216.272595677,8787.12960854729,758.02374,54.85419,50.60754,226.54282
1984-01-31,56472.9478488096,-3185.64395312831,226.54282,50.60754,55.294483,233.36272
1984-02-29,37010.8135151405,-4482.75862068966,233.36272,55.294483,58.51693,324.2317
1984-03-31,34520.8298252448,-3500,324.2317,58.51693,59.552425,535.8956
1984-04-30,15678.1425679686,-2095.35971945104,535.8956,59.552425,67.01597,1397.1908
1984-05-31,11837.7368026516,-2200.04476262263,1397.1908,67.01597,74.34088,3650.076
1984-06-30,8482.55607359471,-4689.4333333128,3650.076,74.34088,79.62796,5896.7744
1984-07-31,10574.5536770991,-10941.5666997541,5896.7744,79.62796,79.2593,7584.9136
1984-08-31,6145.161,-9775.64644279848,7584.9136,79.2593,82.09132,8249.341
1984-09-30,16562.5,-3856.82455586581,8249.341,82.09132,74.006676,7689.484
1984-10-31,11250,-4488.73112878695,7689.484,74.006676,74.030205,4879.4194
1984-11-30,17454.6133670129,-8835.18804618567,4879.4194,74.030205,71.05317,4270.6265
1984-12-31,19364.9851850035,-5290.32258064516,4270.6265,71.05317,67.1557,2640.9263
1985-01-31,8550.12747672054,-5000,2640.9263,67.1557,75.82405,3833.9087
1985-02-28,12986.6599754494,-4625,3833.9087,75.82405,76.14513,6136.861
1985-03-31,12646.0855982427,-3500,6136.861,76.14513,73.809586,5318.0166
1985-04-30,9032.85210076537,-1963.79257736709,5318.0166,73.809586,78.030136,6097.3286
1985-05-31,12232.1428630386,-2221.15954174034,6097.3286,78.030136,77.610756,6852.322
1985-06-30,6875.24994227532,-5000,6852.322,77.610756,81.08823,6828.1606
1985-07-31,6569.55963714097,-6387.08922550077,6828.1606,81.08823,85.167595,5126.693
1985-08-31,4000,-4820.60568536108,5126.693,85.167595,88.96918,6957.304
1985-09-30,3228.8491275479,-6678.76590203148,6957.304,88.96918,91.49825,9160.137
1985-10-31,4888.66507297295,-4994.61091091687,9160.137,91.49825,91.49728,9641.737
1985-11-30,6808.64044302552,-4553.91060956575,9641.737,91.49728,89.543,8856.999
1985-12-31,9020.19492435873,-7458.84403762556,8856.999,89.543,85.58197,5397.884
1986-01-31,25889.5319325373,-3645.16129032257,5397.884,85.58197,67.63761,3630.7866
1986-02-28,262821.293419232,13367.5372410321,3630.7866,67.63761,50.013958,302.48053
1986-03-31,136109.809764245,2897.54069356852,302.48053,50.013958,52.379066,224.9739
1986-04-30,24060.2262020678,-498.726833181498,224.9739,52.379066,61.73335,407.46674
1986-05-31,13044.3275330155,-3415.11682515223,407.46674,61.73335,70.56598,2287.9973
1986-06-30,9388.81752640873,-4533.239,2287.9973,70.56598,77.737236,4769.202
1986-07-31,9501.57404451676,-10315.3275173764,4769.202,77.737236,79.64041,7034.2866
1986-08-31,6215.7256,-5956.24528184129,7034.2866,79.64041,82.34342,8567.871
1986-09-30,16250,-2562.73830701856,8567.871,82.34342,74.03097,7956.9697
1986-10-31,11250,-3647.23972110178,7956.9697,74.03097,73.902145,5027.2505
1986-11-30,4500,-6864.67610057547,5027.2505,73.902145,83.60308,7207.088
1986-12-31,4500,-6780.75141920317,7207.088,83.60308,88.35897,11916.284
1987-01-31,14278.1053502647,-657.888057033093,11916.284,88.35897,81.26506,4585.025
1987-02-28,19409.6351935751,-4316.42857142857,4585.025,81.26506,68.97792,2934.334
1987-03-31,23309.158304832,-3935,2934.334,68.97792,64.31818,2182.729
1987-04-30,11567.806585984,-2374.03999091146,2182.729,64.31818,71.67734,2853.2544
1987-05-31,9144.49714980244,-2652.7889974673,2853.2544,71.67734,79.31639,5657.126
1987-06-30,7647.79675707293,-4680.48390657525,5657.126,79.31639,83.7842,3999.2188
1987-07-31,5770.94937496168,-5813.23764234921,3999.2188,83.7842,86.337715,5237.1426
1987-08-31,3500,-4253.29008745009,5237.1426,86.337715,89.51024,10514.956
1987-09-30,3000,-4337.86217468704,10514.956,89.51024,92.252365,10105.429
1987-10-31,4000,-2138.29934858669,10105.429,92.252365,93.30839,10806.451
1987-11-30,5836.8843736071,-1519.75042645643,10806.451,93.30839,91.46208,10081.64
1987-12-31,15207.3012667261,-5290.32258064516,10081.64,91.46208,80.36237,4258.8774
1988-01-31,24997.7315237698,-4516.12903225807,4258.8774,80.36237,65.71684,1913.9988
1988-02-29,18508.621,-1436.25204093561,1913.9988,65.71684,66.17996,1491.7202
1988-03-31,8174.5967,-1906.06002049234,1491.7202,66.17996,76.134995,3597.7766
1988-04-30,8456.45082950604,-1133.56065966459,3597.7766,76.134995,81.11343,7701.786
1988-05-31,7100,-1896.12549622006,7701.786,81.11343,83.13601,9926.14
1988-06-30,7100,-2962.02975866261,9926.14,83.13601,84.291115,10648.755
1988-07-31,4000,-4724.86772820122,10648.755,84.291115,87.95133,11943.376
1988-08-31,3000,-3638.98955495084,11943.376,87.95133,91.73541,15209.752
1988-09-30,3000,-4440.19153443187,15209.752,91.73541,93.14818,11511.767
1988-10-31,3321.38069912245,-1312.38175765285,11511.767,93.14818,94.028854,11840.031
1988-11-30,6180.75811897769,-4513.23279435814,11840.031,94.028854,91.964676,10577.657
1988-12-31,7421.91144425139,-3854.08384319268,10577.657,91.964676,88.74563,7627.974
1989-01-31,7422.00517618002,-5000,7627.974,88.74563,87.17606,5891.4756
1989-02-28,12533.0209680918,-552.495416465533,5891.4756,87.17606,81.50807,3605.7532
1989-03-31,45327.0853206861,-4625,3605.7532,81.50807,59.577675,1315.6974
1989-04-30,19216.1172798413,-2252.2757579079,1315.6974,59.577675,64.61291,938.63544
1989-05-31,11440.5807717851,-2834.44817711409,938.63544,64.61291,73.495575,2875.4104
1989-06-30,7100,-5000,2875.4104,73.495575,81.18514,5610.098
1989-07-31,5000,-9551.10639702238,5610.098,81.18514,85.32008,9130.321
1989-08-31,3500,-4217.29428159553,9130.321,85.32008,88.749886,12442.604
1989-09-30,5093.06359669716,-8899.9140663014,12442.604,88.749886,90.0177,8528.694
1989-10-31,4704.05819484757,-5994.30278627987,8528.694,90.0177,89.09166,12199.313
1989-11-30,4895.5004714485,-3592.97479110008,12199.313,89.09166,90.97216,9397.934
1989-12-31,5390.63750557628,-2272.66330852234,9397.934,90.97216,91.070076,8972.237
1990-01-31,15741.6529278332,-3645.16129032258,8972.237,91.070076,80.468,3098.9717
1990-02-28,11827.0302781482,-4374.16429982485,3098.9717,80.468,74.12805,2883.1653
1990-03-31,8294.08615568679,-3851.04793736094,2883.1653,74.12805,79.30425,6108.2524
1990-04-30,5611.62034270979,-655.248849243258,6108.2524,79.30425,84.18051,9242.157
1990-05-31,7996.1959107714,-1831.1902487413,9242.157,84.18051,85.29429,5560.5005
1990-06-30,3000,-1516.146090067,5560.5005,85.29429,89.13785,9718.813
1990-07-31,3000,-1913.21961480913,9718.813,89.13785,92.94724,16309.556
1990-08-31,3000,-1878.82380525656,16309.556,92.94724,93.49692,18642.574
1990-09-30,3500,-2817.0446962531,18642.574,93.49692,92.76397,11810.374
1990-10-31,3000,-3205.69808949636,11810.374,92.76397,94.05256,11694.051
1990-11-30,4880.38437391216,-2162.51517575024,11694.051,94.05256,93.84694,12064.044
1990-12-31,8310.99600489212,-652.454563854452,12064.044,93.84694,89.570786,9285.808
1991-01-31,4500,-2134.35919110925,9285.808,89.570786,90.04824,8400.935
1991-02-28,8131.28872583301,-3130.08926448001,8400.935,90.04824,87.91415,8753.794
1991-03-31,32445.7544406617,-4625,8753.794,87.91415,65.09396,1547.9558
1991-04-30,7831.93506043028,-1671.6751537035,1547.9558,65.09396,73.74654,2278.646
1991-05-31,5152.54637967977,-2046.41841825246,2278.646,73.74654,85.830284,8275.045
1991-06-30,3000,-1759.03207038034,8275.045,85.830284,89.72031,11481.365
1991-07-31,3000,-2077.29572846301,11481.365,89.72031,92.7488,15989.02
1991-08-31,3000,-2021.68129095211,15989.02,92.7488,93.277885,18856.66
1991-09-30,3496.36371493585,-2598.83662094021,18856.66,93.277885,93.00056,11887.832
1991-10-31,3000,-2883.12142792664,11887.832,93.00056,94.06196,11499.735
1991-11-30,5469.28419698203,-1200.19913957121,11499.735,94.06196,93.03286,10809.171
1991-12-31,6531.71990277202,-2090.55774371931,10809.171,93.03286,90.9146,9710.206
1992-01-31,14854.9069589635,-195.683975591709,9710.206,90.9146,81.05384,4389.276
1992-02-29,35837.0091492376,-4445.51724137931,4389.276,81.05384,61.689445,1389.0986
1992-03-31,17929.798381332,-4625,1389.0986,61.689445,65.51763,1171.3927
1992-04-30,7099.99999999997,-1589.65579433543,1171.3927,65.51763,77.610214,4169.6367
1992-05-31,4006.41317175069,-2074.03566493064,4169.6367,77.610214,86.81276,9283.63
1992-06-30,3000,-1665.28989302348,9283.63,86.81276,90.864105,13864.611
1992-07-31,3000,-2051.32003440271,13864.611,90.864105,93.35254,17232.02
1992-08-31,3000,-2052.47040780193,17232.02,93.35254,93.4446,19358.133
1992-09-30,3902.99999999998,-3058.45209474034,19358.133,93.4446,92.81631,11821.204
1992-10-31,3000,-3664.04463668521,11821.204,92.81631,93.87122,11453.619
1992-11-30,4179.22316946384,-1982.06175965471,11453.619,93.87122,94.26842,12174.249
1992-12-31,14959.6680169963,-5290.32258064516,12174.249,94.26842,82.26448,4645.9375
1993-01-31,74450.9128347644,-4516.12903225806,4645.9375,82.26448,55.43152,602.4642
1993-02-28,64024.0343112572,-4033.03571428571,602.4642,55.43152,54.492275,242.04337
1993-03-31,65455.0804785072,-3500,242.04337,54.492275,54.43951,248.32068
1993-04-30,32583.4572006396,-2185.70044190102,248.32068,54.43951,59.533108,396.2789
1993-05-31,21229.3048205973,-3003.31063959094,396.2789,59.533108,64.361435,1043.5123
1993-06-30,13739.6749176075,-5000,1043.5123,64.361435,70.44234,2439.747
1993-07-31,9034.88351979232,-10795.0910359904,2439.747,70.44234,79.59031,2023.0917
1993-08-31,7177.09419765625,-10069.5551251076,2023.0917,79.59031,82.72104,3550.5593
1993-09-30,16178.9924172677,-8744.14171243946,3550.5593,82.72104,73.96607,5311.344
1993-10-31,11718.75,-4568.76474912641,5311.344,73.96607,73.99445,3940.1912
1993-11-30,5697.68041297203,-9609.23587091764,3940.1912,73.99445,82.29126,7055.387
1993-12-31,6503.83142571783,-9082.23078589331,7055.387,82.29126,85.137726,10360.099
1994-01-31,7953.03855494822,-5000,10360.099,85.137726,84.85363,6047.2656
1994-02-28,21808.8855025078,-4316.42857142857,6047.2656,84.85363,71.71363,2284.409
1994-03-31,9687.5,-3412.95250510396,2284.409,71.71363,74.00912,2796.884
1994-04-30,10358.9934578913,-1786.58089659073,2796.884,74.00912,78.86408,6411.348
1994-05-31,7302.16320032061,-2108.32868913908,6411.348,78.86408,81.977936,8093.848
1994-06-30,7100,-4687.30091917134,8093.848,81.977936,83.784164,9844.379
1994-07-31,4000,-5500.84802616721,9844.379,83.784164,87.34887,11453.19
1994-08-31,3000,-4118.25817144803,11453.19,87.34887,91.143585,14807.538
1994-09-30,3000,-3736.42592641759,14807.538,91.143585,92.779816,11200.06
1994-10-31,3285.01204009555,-2630.59662460746,11200.06,92.779816,93.92282,11649.001
1994-11-30,8456.17198917421,-1676.51456351441,11649.001,93.92282,89.91293,8757.04
1994-12-31,5820.39046188548,-9810.79898294639,8757.04,89.91293,87.85431,9649.835
1995-01-31,138956.384816814,-3645.16129032258,9649.835,87.85431,53.586666,803.80066
1995-02-28,60580.9997784876,-4464.28571428571,803.80066,53.586666,54.7279,233.43503
1995-03-31,203409.969238834,-3378.91084912691,233.43503,54.7279,51.57147,232.19334
1995-04-30,63360.5848806025,-3995,232.19334,51.57147,54.60188,230.7088
1995-05-31,70629.7285748975,138.084981411061,230.7088,54.60188,54.01201,235.53096
1995-06-30,25608.469700427,-4247.1440355845,235.53096,54.01201,61.658577,474.68918
1995-07-31,8677.36845178862,-9234.19612571141,474.68918,61.658577,74.385635,2789.2314
1995-08-31,6074.5967,-10909.3679849127,2789.2314,74.385635,82.51832,7758.3267
1995-09-30,16406.25,-7274.37674172622,7758.3267,82.51832,74.01046,8055.3325
1995-10-31,11562.5,-3422.69921720986,8055.3325,74.01046,73.93814,4745.4976
1995-11-30,4500,-10000.4196179833,4745.4976,73.93814,83.60145,7494.649
1995-12-31,29607.4388592365,-5290.32258064516,7494.649,83.60145,66.57289,5621.9214
1996-01-31,42198.8591322155,-4516.12903225806,5621.9214,66.57289,58.173122,796.7931
1996-02-29,144587.210377054,-4048.27586206897,796.7931,58.173122,52.2514,256.396
1996-03-31,73655.644144143,-3500,256.396,52.2514,53.767384,229.79256
1996-04-30,36401.7208036047,-1030.1893944002,229.79256,53.767384,58.257793,316.10312
1996-05-31,45497.4237694959,-1319.67751641878,316.10312,58.257793,57.181637,387.5322
1996-06-30,7383.75,-4898.46797816859,387.5322,57.181637,73.287056,2117.9116
1996-07-31,8553.98711627948,-10855.1989293347,2117.9116,73.287056,81.76607,7078.4897
1996-08-31,6257.9375140625,-10572.5516635327,7078.4897,81.76607,82.7989,9247.594
1996-09-30,16587.5478515625,-9307.4137777291,9247.594,82.7989,73.77196,7790.7363
1996-10-31,11406.25,-4346.12148062852,7790.7363,73.77196,74.00965,4095.6895
1996-11-30,7150.14349783833,-8720.36636732702,4095.6895,74.00965,81.073494,6443.7026
1996-12-31,108829.248174809,-1950.43093448432,6443.7026,81.073494,54.04567,1424.94
1997-01-31,300231.804118795,24786.9839793712,1424.94,54.04567,48.812283,229.38419
1997-02-28,71668.6447858212,729.560217393027,229.38419,48.812283,54.06882,229.18094
1997-03-31,20932.5609082049,-3500,229.18094,54.06882,63.116898,696.51
1997-04-30,14118.7161976956,-1570.03081081576,696.51,63.116898,69.93371,2073.02
1997-05-31,10497.1283297001,-2371.51311606282,2073.02,69.93371,76.70113,4489.107
1997-06-30,9632.260177034,-4549.99666248147,4489.107,76.70113,79.37184,6626.563
1997-07-31,10338.9157315041,-10821.9208777777,6626.563,79.37184,78.91601,7355.555
1997-08-31,6356.855,-10286.874514297,7355.555,78.91601,81.959366,8151.3228
1997-09-30,16250,-4612.19748763794,8151.3228,81.959366,73.98344,7433.844
1997-10-31,11406.25,-4308.08837826479,7433.844,73.98344,74.000824,4799.837
1997-11-30,8076.46231713627,-8911.50841825677,4799.837,74.000824,80.22489,6475.247
1997-12-31,16008.9139855346,-5290.32258064516,6475.247,80.22489,74.297516,6589.8804
1998-01-31,83738.4400031243,-4516.12903225806,6589.8804,74.297516,54.519527,949.5168
1998-02-28,296084.412351985,3690.01490030458,949.5168,54.519527,49.16695,232.5778
1998-03-31,97630.065381619,-3500,232.5778,49.16695,52.937428,227.03009
1998-04-30,49154.6294280747,-2934.49804061919,227.03009,52.937428,55.942085,239.50877
1998-05-31,65864.2565758961,52.8507939046086,239.50877,55.942085,54.35002,248.73047
1998-06-30,48068.3706718772,-1966.59075894007,248.73047,54.35002,56.024033,267.39053
1998-07-31,13032.8956110104,-8165.57330834586,267.39053,56.024033,68.25344,1330.3044
1998-08-31,10824.1316471416,-7924.9797024189,1330.3044,68.25344,75.64932,4123.466
1998-09-30,13678.933030355,-9701.04313716422,4123.466,75.64932,73.86275,5079.0933
1998-10-31,12500,-8818.26106082989,5079.0933,73.86275,74.01661,4683.4067
1998-11-30,26276.5746896561,-8773.81640103223,4683.4067,74.01661,65.31571,2941.893
1998-12-31,34495.0575549826,-5290.32258064516,2941.893,65.31571,60.269474,973.7097
1999-01-31,41922.7604423969,-4516.12903225807,973.7097,60.269474,58.10056,500.2606
1999-02-28,129550.653215265,-4033.03571428571,500.2606,58.10056,52.51408,258.60483
1999-03-31,68790.1401985392,-3500,258.60483,52.51408,54.030796,229.91597
1999-04-30,23456.1744773152,-2363.61612198376,229.91597,54.030796,62.12618,610.1573
1999-05-31,14986.2123305679,-2058.21510391242,610.1573,62.12618,69.20625,1949.6184
1999-06-30,7898.61111113333,-4693.80277775753,1949.6184,69.20625,78.21493,4570.114
1999-07-31,9659.57185441022,-10564.0974748233,4570.114,78.21493,80.298874,7492.615
1999-08-31,6400.89491777344,-9770.45786150191,7492.615,80.298874,82.15201,8373.024
1999-09-30,16250,-7556.53343629473,8373.024,82.15201,74.079834,7385.377
1999-10-31,11562.5,-5164.51994189232,7385.377,74.079834,73.918015,4659.153
1999-11-30,5550.1574716872,-9207.35952258185,4659.153,73.918015,82.57609,7075.43
1999-12-31,4500,-6155.2823379325,7075.43,82.57609,87.62054,11692.803
2000-01-31,24033.2983773459,-3645.16129032258,11692.803,87.62054,70.8696,2609.5178
2000-02-29,128667.199127492,-4172.41379310345,2609.5178,70.8696,53.140305,301.56635
2000-03-31,84461.4529807945,-3500,301.56635,53.140305,53.34729,227.79434
2000-04-30,19870.4279605715,-1123.46754252464,227.79434,53.34729,63.30388,716.17505
2000-05-31,13130.3905179918,-2125.91847755996,716.17505,63.30388,71.645584,2557.3018
2000-06-30,7856.66836395403,-4693.80277775753,2557.3018,71.645584,79.402374,5517.015
2000-07-31,11510.6777605811,-10129.6073267869,5517.015,79.402374,79.91338,2677.7346
2000-08-31,6850.8066,-9746.34536747541,2677.7346,79.91338,82.609566,2891.9229
2000-09-30,16250,-3381.97597264678,2891.9229,82.609566,74.09394,5113.3677
2000-10-31,11562.5,-3522.8523018528,5113.3677,74.09394,73.963875,4384.0674
2000-11-30,4500,-8440.979662504,4384.0674,73.963875,83.63828,7455.4907
2000-12-31,4500,-5922.20479389451,7455.4907,83.63828,88.23933,12276.039
2001-01-31,13084.722368962,-5000,12276.039,88.23933,81.843895,4952.34
2001-02-28,24167.4777670504,-4316.42857142857,4952.34,81.843895,66.76618,2771.9038
2001-03-31,21238.1379574798,-3935,2771.9038,66.76618,64.69852,1593.4719
2001-04-30,10858.5315210522,-1998.35303179968,1593.4719,64.69852,72.878586,2937.4832
2001-05-31,10391.3303723885,-2262.81920913362,2937.4832,72.878586,78.5411,6136.45
2001-06-30,7100,-3282.15394803836,6136.45,78.5411,81.87966,7608.182
2001-07-31,5493.32338759467,-4893.71551614429,7608.182,81.87966,86.23957,5855.846
2001-08-31,4582.28258557908,-3759.23818531693,5855.846,86.23957,89.67819,7366.8154
2001-09-30,3000,-5038.24061728949,7366.8154,89.67819,91.86134,9511.506
2001-10-31,4000,-4009.05325177399,9511.506,91.86134,92.5551,10504.994
2001-11-30,7192.44682999731,-5554.65978683474,10504.994,92.5551,89.721565,8773.608
2001-12-31,33833.9637015076,-5290.32258064516,8773.608,89.721565,65.06551,4364.6562
2002-01-31,47017.7488537644,-4516.12903225806,4364.6562,65.06551,57.161613,563.09216
2002-02-28,17750.8416858286,-4156.25,563.09216,57.161613,64.94471,848.1673
2002-03-31,18061.9048084029,-3500,848.1673,64.94471,67.54461,2007.2415
2002-04-30,10189.0467001564,-2412.11060497683,2007.2415,67.54461,74.48443,3491.0627
2002-05-31,10188.7126677958,-1902.0316346201,3491.0627,74.48443,79.07266,5912.499
2002-06-30,7100,-5000,5912.499,79.07266,81.96345,7631.107
2002-07-31,6713.06831081275,-7015.55879642889,7631.107,81.96345,84.939186,5061.624
2002-08-31,4000,-5486.9788582995,5061.624,84.939186,89.02364,6824.5684
2002-09-30,3179.61671545862,-5331.35879909259,6824.5684,89.02364,91.72302,9679.053
2002-10-31,4000,-4061.54766812768,9679.053,91.72302,92.49892,10394.844
2002-11-30,5972.42248597765,-4673.53088465945,10394.844,92.49892,91.30755,9349.228
2002-12-31,42755.5994112989,-5290.32258064516,9349.228,91.30755,62.989986,1409.5901
2003-01-31,59469.2026480233,-4516.12903225806,1409.5901,62.989986,55.375214,288.72684
2003-02-28,22970.9649459508,-4033.03571428571,288.72684,55.375214,62.41204,582.95905
2003-03-31,19618.4863920992,-3500,582.95905,62.41204,65.8162,1323.1459
2003-04-30,32836.229095804,-2287.4341778013,1323.1459,65.8162,61.140556,1060.4495
2003-05-31,33307.9998678881,-1987.2649316969,1060.4495,61.140556,60.262737,602.34845
2003-06-30,8003.81961113333,-4689.4333333128,602.34845,60.262737,73.87234,2255.71
2003-07-31,10834.9300036794,-10370.6909421198,2255.71,73.87234,79.463974,2310.51
2003-08-31,6824.25292089844,-11382.4983001378,2310.51,79.463974,82.38943,3201.4375
2003-09-30,16406.25,-6624.59474956549,3201.4375,82.38943,74.01517,5250.1846
2003-10-31,11562.5,-3010.4824744722,5250.1846,74.01517,73.97755,4234.9985
2003-11-30,5051.48526862503,-7564.60615720648,4234.9985,73.97755,83.06556,7332.276
2003-12-31,26641.6312053707,-5290.32258064516,7332.276,83.06556,68.4922,1774.2935
2004-01-31,34713.0311035259,-4516.12903225806,1774.2935,68.4922,60.164898,763.4238
2004-02-29,94391.5469816446,-4172.41379310345,763.4238,60.164898,53.543217,292.90823
2004-03-31,46886.8170138695,-3500,292.90823,53.543217,56.404842,261.91208
2004-04-30,14246.6434684986,-2507.40892768498,261.91208,56.404842,67.1346,1140.1086
2004-05-31,9280.02094171111,-1959.11263912261,1140.1086,67.1346,77.46415,4077.8794
2004-06-30,9590.61437773534,-4689.4333333128,4077.8794,77.46415,80.24698,6692.3716
2004-07-31,11120.6453143191,-11395.6000941025,6692.3716,80.24698,79.899765,2358.2375
2004-08-31,7301.371,-11523.3615222773,2358.2375,79.899765,82.48438,2922.1262
2004-09-30,15937.5,-4219.89824016515,2922.1262,82.48438,74.03869,4844.452
2004-10-31,11562.5,-4554.63763713674,4844.452,74.03869,74.06719,4522.984
2004-11-30,4794.01939686214,-7340.10839403672,4522.984,74.06719,83.22145,7634.9146
2004-12-31,17829.1002778855,-5290.32258064516,7634.9146,83.22145,74.4107,8050.433
2005-01-31,40507.7370974022,-4516.12903225806,8050.433,74.4107,59.399536,1510.0077
2005-02-28,29339.1087351413,-4156.25,1510.0077,59.399536,60.990307,600.8409
2005-03-31,39695.4209422877,-3500,600.8409,60.990307,58.64196,578.1519
2005-04-30,24202.4569823563,-541.107383530374,578.1519,58.64196,62.867863,854.3389
2005-05-31,47120.7734441092,-3456.06914088943,854.3389,62.867863,57.60257,616.92584
2005-06-30,19434.6723055657,-5000,616.92584,57.60257,64.6335,821.95294
2005-07-31,6500,-8737.56738554031,821.95294,64.6335,79.77556,1668.8978
2005-08-31,4000,-10473.9938737212,1668.8978,79.77556,86.60964,5928.901
2005-09-30,3690.25470159978,-8169.0298119294,5928.901,86.60964,89.15593,8233.515
2005-10-31,4000,-7594.93860503649,8233.515,89.15593,91.637375,8623.514
2005-11-30,5510.99277540966,-7665.39310434822,8623.514,91.637375,91.542915,8259.214
2005-12-31,89985.7785195354,-5290.32258064516,8259.214,91.542915,56.52273,1046.915
2006-01-31,139680.064471297,-4516.12903225806,1046.915,56.52273,52.33348,229.47134
2006-02-28,61115.6868013457,-4464.28571428571,229.47134,52.33348,54.68976,232.70592
2006-03-31,133186.591727247,-1642.23290890528,232.70592,54.68976,52.495987,231.48145
2006-04-30,147358.295921254,2784.81166044357,231.48145,52.495987,52.189407,228.70338
2006-05-31,49367.9254000921,4709.36251777531,228.70338,52.189407,56.16309,241.01431
2006-06-30,11331.65,-4116.83704156508,241.01431,56.16309,69.424805,1345.4749
2006-07-31,8325.26881722581,-7459.91906442487,1345.4749,69.424805,79.11795,4919.076
2006-08-31,6180.4434,-10772.8921708807,4919.076,79.11795,82.87169,8573.958
2006-09-30,16495.4281616211,-7380.70828282686,8573.958,82.87169,73.840836,7747.781
2006-10-31,11250,-4368.13656446587,7747.781,73.840836,73.9452,4509.4883
2006-11-30,5335.85362054317,-9358.74045040004,4509.4883,73.9452,82.6715,7028.866
2006-12-31,17043.820717261,-5290.32258064516,7028.866,82.6715,74.74106,7574.2935
2007-01-31,6548.05120421676,-5000,7574.2935,74.74106,78.80035,5772.5005
2007-02-28,25215.2638325772,-4156.25,5772.5005,78.80035,68.53153,1614.2262
2007-03-31,13098.2671147168,-3500,1614.2262,68.53153,69.69782,1813.245
2007-04-30,10615.1426169966,-2166.94307591594,1813.245,69.69782,76.22513,4545.7715
2007-05-31,10949.5167470982,-2492.27749132039,4545.7715,76.22513,77.85538,6268.436
2007-06-30,7100,-5000,6268.436,77.85538,81.558784,7284.05
2007-07-31,9519.88438033748,-11101.7438938518,7284.05,81.558784,82.24299,3567.3115
2007-08-31,4000,-6680.27888625752,3567.3115,82.24299,86.54804,5087.51
2007-09-30,3000,-5564.84428294217,5087.51,86.54804,90.78734,9128.281
2007-10-31,4000,-4225.6114123901,9128.281,90.78734,92.53058,10511.573
2007-11-30,5128.66600821145,-3058.56901049176,10511.573,92.53058,92.40758,10417.123
2007-12-31,7274.4585575333,-3886.56895097068,10417.123,92.40758,89.5944,7553.433
2008-01-31,28160.9568523073,-3645.16129032258,7553.433,89.5944,67.8036,4186.8193
2008-02-29,23939.9203157451,-4172.41379310345,4186.8193,67.8036,63.448883,1072.5493
2008-03-31,14280.0699297751,-3935,1072.5493,63.448883,69.160835,1855.4767
2008-04-30,9987.72403761708,-2381.3312973903,1855.4767,69.160835,76.421135,4107.739
2008-05-31,9338.61504801162,-1063.084366276,4107.739,76.421135,79.898834,6280.1455
2008-06-30,7100,-5000,6280.1455,79.898834,82.589584,8103.3975
2008-07-31,5000,-5757.88035900606,8103.3975,82.589584,86.150566,10871.288
2008-08-31,3775.80749384941,-3606.13625570522,10871.288,86.150566,90.39366,8390.784
2008-09-30,3018.97200073812,-4457.050238647,8390.784,90.39366,92.508156,10606.88
2008-10-31,4000,-2029.46215554716,10606.88,92.508156,92.632545,10402.503
2008-11-30,5733.69848472776,-2399.83117589911,10402.503,92.632545,92.16139,9595.72
2008-12-31,6427.20906061752,-2676.25846854364,9595.72,92.16139,90.03941,8006.0977
2009-01-31,7824.85143983,-2453.77281466364,8006.0977,90.03941,87.68803,6584.95
2009-02-28,27153.6943367402,-4427.32142857143,6584.95,87.68803,68.89718,1561.7391
2009-03-31,24647.5226926521,-3935,1561.7391,68.89718,63.10811,784.1792
2009-04-30,16207.4520877293,-2534.93680404857,784.1792,63.10811,67.88573,1630.5806
2009-05-31,8778.16949766309,-1849.74467673894,1630.5806,67.88573,77.208565,4069.5635
2009-06-30,9511.667,-5000,4069.5635,77.208565,80.46273,6486.5093
2009-07-31,5000,-5795.47997722044,6486.5093,80.46273,83.93161,8296.834
2009-08-31,3500,-3674.03066558345,8296.834,83.93161,88.72023,12175.518
2009-09-30,3000,-4756.49142725133,12175.518,88.72023,91.73164,9814.338
2009-10-31,4402.78683648846,-5137.50875467958,9814.338,91.73164,92.09116,9830.36
2009-11-30,4500,-3402.0977975719,9830.36,92.09116,92.80581,9283.525
2009-12-31,6614.50038480506,-4051.70755244993,9283.525,92.80581,91.166664,7993.227
2010-01-31,30101.581521847,-3645.16129032258,7993.227,91.166664,68.13656,1491.9441
2010-02-28,31701.4256938764,-4156.25,1491.9441,68.13656,60.659668,568.2498
2010-03-31,19601.4005384306,-3500,568.2498,60.659668,64.91743,1070.8553
2010-04-30,27892.8511943969,-1584.39595010715,1070.8553,64.91743,62.916027,1303.2922
2010-05-31,20050.6303608157,-2046.56895467858,1303.2922,62.916027,65.494736,1375.9067
2010-06-30,9285.81770752728,-5000.00000000001,1375.9067,65.494736,74.98014,3175.6003
2010-07-31,6500,-9679.68121845976,3175.6003,74.98014,83.126915,3440.509
2010-08-31,4913.15282733425,-10580.4886933169,3440.509,83.126915,86.14456,5483.983
2010-09-30,4319.70130056609,-9110.95674112562,5483.983,86.14456,87.87926,11315.911
2010-10-31,9080.34624161807,-9408.80520854056,11315.911,87.87926,84.72253,5315.598
2010-11-30,7438.89871398205,-9105.02070846729,5315.598,84.72253,83.871376,7525.2603
2010-12-31,70150.8849898149,-5290.32258064516,7525.2603,83.871376,56.818222,2488.215
2011-01-31,34845.3663774292,-4516.12903225806,2488.215,56.818222,59.003735,391.59882
2011-02-28,42151.7835082237,-1758.82155626225,391.59882,59.003735,57.962486,470.18097
2011-03-31,141782.758563928,2630.96170578511,470.18097,57.962486,52.46535,259.13
2011-04-30,48015.4455587101,-3836.4393424903,259.13,52.46535,56.260838,248.00438
2011-05-31,39886.7204150106,-1198.22641196635,248.00438,56.260838,58.049725,355.6823
2011-06-30,31724.9753700088,-5000,355.6823,58.049725,60.453735,498.31903
2011-07-31,9037.87017921147,-9695.13495049301,498.31903,60.453735,72.94626,2303.3499
2011-08-31,6329.30081722581,-9787.64300791222,2303.3499,72.94626,82.22004,7071.3296
2011-09-30,16250,-7338.49422088608,7071.3296,82.22004,74.00033,7437.6206
2011-10-31,11718.75,-6463.72807193525,7437.6206,74.00033,73.995674,4580.6743
2011-11-30,4975.48130187219,-9373.06906868779,4580.6743,73.995674,82.85616,7059.895
2011-12-31,4500,-9310.86861488491,7059.895,82.85616,87.60395,11675.013
2012-01-31,10827.9184734921,-5000,11675.013,87.60395,83.99811,5148.734
2012-02-29,10889.655,-4446.08905870998,5148.734,83.99811,81.03466,2401.757
2012-03-31,19910.2779029487,-3935,2401.757,81.03466,69.15943,2838.8533
2012-04-30,20915.7523612225,-2062.32907834741,2838.8533,69.15943,65.58198,2073.2131
2012-05-31,13287.1820711941,-2316.54433185487,2073.2131,65.58198,71.090324,2807.1414
2012-06-30,6250,-5000,2807.1414,71.090324,80.98259,5608.3823
2012-07-31,9632.02262499185,-10987.1940119913,5608.3823,80.98259,82.01189,3319.3284
2012-08-31,4000,-10929.4371675785,3319.3284,82.01189,85.97727,4559.849
2012-09-30,3000,-6023.4717379398,4559.849,85.97727,89.73028,11934.063
2012-10-31,4000,-5381.73308846299,11934.063,89.73028,91.839775,9842.927
2012-11-30,6197.7216715735,-5924.97431348845,9842.927,91.839775,90.85714,9078.209
2012-12-31,64424.225977512,-5290.32258064516,9078.209,90.85714,58.565456,1203.0883
2013-01-31,19562.4371741477,-4516.12903225806,1203.0883,58.565456,63.87625,887.20557
2013-02-28,17129.465,-4475,887.20557,63.87625,67.81696,2064.9114
2013-03-31,8769.99037489629,-3500,2064.9114,67.81696,76.20294,3682.0757
2013-04-30,10573.9634433339,-1873.73911433197,3682.0757,76.20294,79.2007,6623.9863
2013-05-31,9793.64730987611,-2575.97812591786,6623.9863,79.2007,79.56145,7417.1426
2013-06-30,7100,-5000,7417.1426,79.56145,82.213936,7919.966
2013-07-31,5000,-5888.19651461153,7919.966,82.213936,85.896,10350.006
2013-08-31,3500,-5108.43901520197,10350.006,85.896,90.310585,8015.565
2013-09-30,3544.84456704481,-5311.5899947402,8015.565,90.310585,92.11966,9987.623
2013-10-31,4000,-2281.46026688575,9987.623,92.11966,92.15681,9603.437
2013-11-30,5768.98678906036,-2310.46824343959,9603.437,92.15681,91.98626,9385.799
2013-12-31,6200.77633649072,-2778.56622073252,9385.799,91.98626,89.93341,8003.2153
2014-01-31,6032.87335222212,-865.483637512656,8003.2153,89.93341,89.58016,7761.839
2014-02-28,14559.0744738162,-3035.86112854597,7761.839,89.58016,80.9959,3665.6174
2014-03-31,14249.0102607436,-4625,3665.6174,80.9959,72.92659,2999.7358
2014-04-30,8090.04673699987,-1472.76585514813,2999.7358,72.92659,78.58843,5179.283
2014-05-31,4223.84417680904,-1601.517513065,5179.283,78.58843,86.77886,9520.184
2014-06-30,3000,-1778.91947738241,9520.184,86.77886,90.42578,13861.013
2014-07-31,3000,-2261.15505194835,13861.013,90.42578,93.25002,16955.785
2014-08-31,3000,-2651.88782471302,16955.785,93.25002,93.42743,18569.152
2014-09-30,3857.37070719734,-3320.97098133605,18569.152,93.42743,92.82209,11480.468
2014-10-31,3000,-2431.79588328294,11480.468,92.82209,93.811485,11081.604
2014-11-30,4692.31625788357,-1716.18662517523,11081.604,93.811485,93.81226,11247.713
2014-12-31,40302.7283579124,-5290.32258064516,11247.713,93.81226,63.9619,1860.0197
2015-01-31,6000,-4810.63056835344,1860.0197,63.9619,75.326,2594.3882
2015-02-28,16870.4819113612,-4316.42857142857,2594.3882,75.326,75.19439,1827.8799
2015-03-31,7113.52788506738,-1997.01914979627,1827.8799,75.19439,78.43784,3753.263
2015-04-30,6837.02098855216,-550.963926554817,3753.263,78.43784,83.67773,9043.651
2015-05-31,4058.40099095047,-1868.53184091135,9043.651,83.67773,89.72223,7617.215
2015-06-30,4000.55611947364,-1828.17102089723,7617.215,89.72223,91.6614,12410.696
2015-07-31,3000,-2092.61364015483,12410.696,91.6614,93.04802,16749.68
2015-08-31,3000,-2028.43202869028,16749.68,93.04802,93.84101,18700.871
2015-09-30,3852.99999999999,-2161.5706722756,18700.871,93.84101,92.71492,11980.221
2015-10-31,3000,-1890.18732959221,11980.221,92.71492,92.93498,16111.256
2015-11-30,5527.28036410659,-2159.00157629782,16111.256,92.93498,92.33191,11753.994
2015-12-31,12573.8904490558,-2826.22400579446,11753.994,92.33191,83.197075,8119.4697
2016-01-31,33082.6576069713,-4516.12903225806,8119.4697,83.197075,63.92966,1055.6427
2016-02-29,19855.9877336181,-4172.41379310345,1055.6427,63.92966,64.55175,930.29834
2016-03-31,58838.8052892477,-3935,930.29834,64.55175,55.949654,560.6801
2016-04-30,19206.470648125,-2270.8883804434,560.6801,55.949654,64.236275,834.4447
2016-05-31,9228.58708704993,-1962.33535395828,834.4447,64.236275,76.03644,3388.5007
2016-06-30,7250.13384386382,-4999.99999999998,3388.5007,76.03644,82.03261,7606.7563
2016-07-31,6500,-5592.81312142265,7606.7563,82.03261,84.820564,5243.919
2016-08-31,4000,-5543.55889048739,5243.919,84.820564,88.806694,6747.1577
2016-09-30,3000,-5025.72707737709,6747.1577,88.806694,91.73416,9349.685
2016-10-31,4604.54195062008,-5963.26071233777,9349.685,91.73416,92.11098,9024.936
2016-11-30,7893.99892137554,-9175.30895033076,9024.936,92.11098,88.72375,6724.1313
2016-12-31,46539.6987334548,-5290.32258064516,6724.1313,88.72375,60.727066,3189.5227
2017-01-31,150149.624521094,-4516.12903225806,3189.5227,60.727066,51.830208,267.73
2017-02-28,306223.087044509,12303.2798156577,267.73,51.830208,48.889137,227.71349
2017-03-31,94032.5291480066,-3073.6008077615,227.71349,48.889137,53.081543,228.76299
2017-04-30,70677.4234084619,-1447.01845549332,228.76299,53.081543,53.964867,230.2197
2017-05-31,32131.9303523761,-872.016080276873,230.2197,53.964867,59.719975,340.30435
2017-06-30,13493.9027023977,-3149.24511726884,340.30435,59.719975,68.75993,1508.995
2017-07-31,8325.26881722581,-7094.70724506033,1508.995,68.75993,78.26443,5002.1587
2017-08-31,6321.5728,-9644.40238316005,5002.1587,78.26443,82.66819,8965.275
2017-09-30,16093.75,-6155.67158907992,8965.275,82.66819,74.02186,8232.438
2017-10-31,11406.25,-2703.95344130433,8232.438,74.02186,73.9526,4933.436
2017-11-30,14107.5126454107,-8945.17982469938,4933.436,73.9526,74.320786,5156.037
2017-12-31,7518.65383998586,-9276.99931407241,5156.037,74.320786,79.48016,6877.7183
2018-01-31,19994.5760646115,-3645.16129032258,6877.7183,79.48016,72.15766,2184.568
2018-02-28,9531.25,-4419.40235747628,2184.568,72.15766,74.02015,2539.8262
2018-03-31,31329.7542886028,-3935,2539.8262,74.02015,63.46829,2638.7466
2018-04-30,25481.1036664183,-3304.89285175139,2638.7466,63.46829,62.505207,978.57086
2018-05-31,16090.1151718471,-2028.13330820221,978.57086,62.505207,68.16255,1976.0789
2018-06-30,5896.72171707585,-4725.14575179122,1976.0789,68.16255,79.63133,5185.333
2018-07-31,10147.4442321355,-10121.4816408866,5185.333,79.63133,81.62286,3859.2388
2018-08-31,4000,-10735.8416284202,3859.2388,81.62286,85.62052,4631.0166
2018-09-30,3000,-6020.40784457964,4631.0166,85.62052,89.800446,11764.456
2018-10-31,4630.71251213864,-4372.66031468424,11764.456,89.800446,90.61845,10353.286
2018-11-30,5752.4964170589,-5945.99824306669,10353.286,90.61845,90.52453,9490.625
2018-12-31,9668.6238418754,-7015.45989538988,9490.625,90.52453,85.54201,4805.8135
2019-01-31,38958.7389113148,-3645.16129032258,4805.8135,85.54201,61.965668,2331.5217
2019-02-28,116286.595125061,-4156.25,2331.5217,61.965668,52.850307,292.92902
2019-03-31,124465.61179098,-3500,292.92902,52.850307,52.62746,226.80927
2019-04-30,55264.7881374483,-3995,226.80927,52.62746,55.270798,240.63786
2019-05-31,35726.0529655324,-1134.13480630468,240.63786,55.270798,58.771076,358.6181
2019-06-30,14490.238137216,-4703.35729821617,358.6181,58.771076,67.805824,1489.2526
2019-07-31,8569.38405160081,-8688.7402619324,1489.2526,67.805824,77.86009,4534.535
2019-08-31,6145.161,-10472.2983344689,4534.535,77.86009,82.9367,8203.866
2019-09-30,16743.7336425781,-6648.27169123386,8203.866,82.9367,73.68519,7787.5674
2019-10-31,11250,-2962.34634691981,7787.5674,73.68519,73.9591,4637.9795
2019-11-30,6578.95031655436,-9113.01926094561,4637.9795,73.9591,81.64634,7537.1406
2019-12-31,21855.1060568848,-5290.32258064516,7537.1406,81.64634,70.11508,7206.933
2020-01-31,12315.6717680665,-5000,7206.933,70.11508,71.46872,4029.9749
2020-02-29,11144.827,-4624.99999999999,4029.9749,71.46872,75.765366,5336.899
2020-03-31,10174.1421264646,-3526.416400252,5336.899,75.765366,77.23682,6258.43
2020-04-30,9407.58919212115,-2166.11007631907,6258.43,77.23682,79.06458,7115.343
2020-05-31,10576.3506272086,-2584.6703490114,7115.343,79.06458,79.14151,7363.5786
2020-06-30,7100,-5000,7363.5786,79.14151,81.78454,7957.6846
2020-07-31,5532.10328306401,-5640.34831957044,7957.6846,81.78454,86.32269,5351.1113
2020-08-31,4268.97198583921,-3484.49214555643,5351.1113,86.32269,89.8792,6978.8804
2020-09-30,3000,-4358.0053896689,6978.8804,89.8792,92.02929,9338.333
2020-10-31,4408.00560085316,-4012.99563150099,9338.333,92.02929,92.29852,10605.781
2020-11-30,5550.2636108211,-2788.04351766325,10605.781,92.29852,91.45774,10465.548
2020-12-31,4500,-2631.75152056264,10465.548,91.45774,91.970726,9273.736
2021-01-31,11686.1156489424,-1308.95372179973,9273.736,91.970726,85.23024,5543.1113
2021-02-28,9622.44180515779,-4955,5543.1113,85.23024,82.23095,3461.4895
2021-03-31,7268.4562750469,-2726.88967594683,3461.4895,82.23095,83.013374,4011.7258
2021-04-30,4500.86824474053,-725.46443808158,4011.7258,83.013374,87.818405,6384.3267
2021-05-31,4580.96421515523,-1735.52089117443,6384.3267,87.818405,91.562874,10049.746
2021-06-30,5395.12731095333,-1943.82401344388,10049.746,91.562874,90.988075,13897.267
2021-07-31,3000,-1960.56518255448,13897.267,90.988075,92.78369,15693.689
2021-08-31,3000,-1857.75099568308,15693.689,92.78369,93.79341,17982.178
2021-09-30,3500,-2387.98022594118,17982.178,93.79341,NA,NA
