"Date","OUTFLOW","OMR","MTZ_EC_prev","X2_prev","X2_current","MTZ_EC_current"
1921-11-30,4500,-7029.90451198132,21365.314,89.17653,89.97917,22846.31
1921-12-31,17183.9045161833,-5290.32258064516,22846.31,89.97917,78.71154,10696.305
1922-01-31,19027.547293422,-4516.12903225806,10696.305,78.71154,67.94856,10267.834
1922-02-28,61656.0575747803,-4156.25,10267.834,67.94856,55.837837,3002.5051
1922-03-31,44347.6537388823,-3500,3002.5051,55.837837,56.79039,3866.0522
1922-04-30,35696.6714602143,-1152.28445619064,3866.0522,56.79039,59.00942,4723.063
1922-05-31,33727.9772317462,-1974.18614806498,4723.063,59.00942,59.955784,5220.727
1922-06-30,9000,-4307.55063501937,5220.727,59.955784,72.63379,16762.05
1922-07-31,8325.26881722581,-9138.26252084506,16762.05,72.63379,81.34715,18621.27
1922-08-31,4000,-10821.0713506109,18621.27,81.34715,86.28906,23344.936
1922-09-30,6229.38856093799,-8566.29073437512,23344.936,86.28906,86.58715,22763.828
1922-10-31,4299.27479400673,-9313.49970290816,22763.828,86.58715,87.41001,22934.344
1922-11-30,7179.19600839431,-7989.4785296505,22934.344,87.41001,87.7929,20194.646
1922-12-31,43090.9917301223,-5290.32258064516,20194.646,87.7929,61.91172,4075.741
1923-01-31,33357.9555666386,-4516.12903225806,4075.741,61.91172,59.777874,5432.595
1923-02-28,19390.0394542989,-4033.03571428571,5432.595,59.777874,64.73817,9821.567
1923-03-31,12025.807,-3036.86697997996,9821.567,64.73817,72.08333,13506.021
1923-04-30,24203.492142801,-2781.87806672675,13506.021,72.08333,66.13965,7093.1016
1923-05-31,14784.638895343,-2153.15198709021,7093.1016,66.13965,69.35547,11759.662
1923-06-30,5000,-4362.26301153428,11759.662,69.35547,81.06531,21203.037
1923-07-31,9315.99978613095,-9163.88027765377,21203.037,81.06531,82.83907,19184.371
1923-08-31,4000,-8970.23180032346,19184.371,82.83907,86.33068,23263.166
1923-09-30,4682.69060659225,-7536.87678347131,23263.166,86.33068,88.35496,24562.014
1923-10-31,4000,-6762.24241025451,24562.014,88.35496,90.31489,24630.584
1923-11-30,6428.21375155845,-5563.93356845771,24630.584,90.31489,89.83276,23433.064
1923-12-31,7000.61313645592,-2325.0293816948,23433.064,89.83276,87.5961,21345.846
1924-01-31,9068.54372767522,-5000,21345.846,87.5961,85.31435,19724.676
1924-02-29,13002.8001739319,-4955,19724.676,85.31435,79.7505,14936.8545
1924-03-31,7102.93139025626,-1380.79188542952,14936.8545,79.7505,80.60381,19367.084
1924-04-30,4937.66080197457,-688.999173142425,19367.084,80.60381,85.78755,21295.174
1924-05-31,4354.58064516775,-1541.99799167699,21295.174,85.78755,90.507355,21963.268
1924-06-30,4134.74667617247,-1583.08225462345,21963.268,90.507355,91.940506,24348.873
1924-07-31,3000,-1915.657772478,24348.873,91.940506,93.26829,26148.094
1924-08-31,3000,-2599.60678306427,26148.094,93.26829,93.853424,26792.436
1924-09-30,3857.37070719734,-1986.81688989197,26792.436,93.853424,92.490036,24933.615
1924-10-31,3642.01301848892,-5458.09361787576,24933.615,92.490036,93.02927,26889.025
1924-11-30,5794.96158050711,-2788.79911631228,26889.025,93.02927,92.16456,26133.11
1924-12-31,9225.33405912136,-3800.4991261274,26133.11,92.16456,87.14011,21382.521
1925-01-31,8448.61378067937,-5000,21382.521,87.14011,84.446686,19386.77
1925-02-28,75443.2216456053,-4427.32142857143,19386.77,84.446686,56.70933,2562.6099
1925-03-31,17669.355,-3935,2562.6099,56.70933,64.39512,9274.731
1925-04-30,26036.5229614616,-2158.42317449153,9274.731,64.39512,63.550716,6329.262
1925-05-31,13464.2281703636,-1794.98520303865,6329.262,63.550716,69.91674,12943.923
1925-06-30,6628.125,-4437.77178327449,12943.923,69.91674,80.42967,18932.826
1925-07-31,5000,-7289.96591135682,18932.826,80.42967,85.46956,22947.031
1925-08-31,3500,-3645.73575151134,22947.031,85.46956,88.72334,25510.438
1925-09-30,3000.43243227009,-6258.55593656975,25510.438,88.72334,92.26686,26023.678
1925-10-31,4000,-4122.96769072119,26023.678,92.26686,92.74547,25513.324
1925-11-30,5296.86662924401,-3817.62980945378,25513.324,92.74547,92.1687,24570.025
1925-12-31,6412.26341694518,-3078.61763399363,24570.025,92.1687,90.81149,22320.525
1926-01-31,14056.9024228642,-5000,22320.525,90.81149,81.36832,14904.029
1926-02-28,42059.6454060734,-4427.32142857143,14904.029,81.36832,60.25104,4066.8738
1926-03-31,17755.1618893141,-3935,4066.8738,60.25104,65.222565,9486.446
1926-04-30,21151.1130045043,-1998.92880946307,9486.446,65.222565,65.9039,8072.7026
1926-05-31,11759.1933681273,-2750.69031721181,8072.7026,65.9039,72.79823,14685.889
1926-06-30,7100,-5000,14685.889,72.79823,80.98948,19863.203
1926-07-31,5000,-6103.76684723609,19863.203,80.98948,85.33099,22676.031
1926-08-31,3500,-3092.10408861826,22676.031,85.33099,88.943855,25137.592
1926-09-30,3000,-4974.12487711285,25137.592,88.943855,92.399055,26554.908
1926-10-31,4333.23161374095,-2761.17823645238,26554.908,92.399055,92.43686,25626.082
1926-11-30,15789.8179725114,-8626.94155858811,25626.082,92.43686,80.3746,13041.709
1926-12-31,11832.4837571703,-5290.32258064516,13041.709,80.3746,75.32525,13694.743
1927-01-31,34535.8835144796,-4516.12903225806,13694.743,75.32525,62.25911,5555.9644
1927-02-28,167427.860254971,-4156.25,5555.9644,62.25911,51.69668,1964.1057
1927-03-31,50692.543458609,-3500,1964.1057,51.69668,55.902374,3277.4446
1927-04-30,49407.1478063152,-3722.84346151827,3277.4446,55.902374,56.25303,3259.1938
1927-05-31,17507.823819294,-2593.7486192654,3259.1938,56.25303,65.649475,9859.287
1927-06-30,6989.97825170561,-5000,9859.287,65.649475,77.99449,18982.09
1927-07-31,10125.3153679151,-9633.55923032917,18982.09,77.99449,80.38334,18107.426
1927-08-31,4000,-11593.7051497028,18107.426,80.38334,83.92093,23061.697
1927-09-30,4730.54355906641,-8034.60830069124,23061.697,83.92093,87.25047,23310.89
1927-10-31,4075.2706287235,-7491.55229242956,23310.89,87.25047,88.18605,24735.941
1927-11-30,6514.78067916296,-8417.63323232365,24735.941,88.18605,89.13328,21133.621
1927-12-31,7236.33656410247,-6410.09077549306,21133.621,89.13328,86.81399,19777.496
1928-01-31,18494.1071529016,-3645.16129032258,19777.496,86.81399,73.53838,10850.708
1928-02-29,19237.7962709173,-4172.41379310345,10850.708,73.53838,66.86628,9277.804
1928-03-31,92191.2840344368,-3500,9277.804,66.86628,54.058292,2407.3645
1928-04-30,31400.5985321589,-2251.42800844566,2407.3645,54.058292,59.680527,5481.2627
1928-05-31,13474.2100144942,-2338.17697829097,5481.2627,59.680527,69.32684,11959.505
1928-06-30,7502.66410050916,-5000,11959.505,69.32684,79.31018,18157.979
1928-07-31,10789.9323202535,-7824.596469878,18157.979,79.31018,80.44772,17445.879
1928-08-31,4000,-11489.642084584,17445.879,80.44772,85.15178,23589.236
1928-09-30,3853.95874379721,-5587.59610952224,23589.236,85.15178,89.34526,24962.562
1928-10-31,4000,-6026.29167449148,24962.562,89.34526,91.4465,24727
1928-11-30,7481.84215740735,-7393.4941677618,24727,91.4465,89.348145,22890.256
1928-12-31,6566.28065939268,-6090.35013704425,22890.256,89.348145,87.94572,22413.965
1929-01-31,8254.75933710171,-5000,22413.965,87.94572,86.447525,20390.004
1929-02-28,15110.400083479,-4316.42857142857,20390.004,86.447525,78.6542,13016.71
1929-03-31,11400,-2778.42612790131,13016.71,78.6542,75.094826,14017.786
1929-04-30,7099.99999999999,-1089.09324396916,14017.786,75.094826,80.78772,18811.973
1929-05-31,4025.97320020227,-2239.58776229325,18811.973,80.78772,87.48349,22230.377
1929-06-30,4000,-1484.23881788069,22230.377,87.48349,89.98605,24897.621
1929-07-31,4000,-2413.07192468334,24897.621,89.98605,91.9769,25185.975
1929-08-31,3229.38955860328,-2416.73850310841,25185.975,91.9769,92.67645,26133.354
1929-09-30,3000,-3281.82945853974,26133.354,92.67645,93.06829,26915.146
1929-10-31,3000,-1975.30268319119,26915.146,93.06829,94.13348,26743.348
1929-11-30,5234.02005319685,-1319.76729449609,26743.348,94.13348,93.18187,24346.162
1929-12-31,13808.908735394,-5290.32258064516,24346.162,93.18187,82.97402,15191.022
1930-01-31,26723.8325687375,-4516.12903225807,15191.022,82.97402,65.4112,7862.884
1930-02-28,18535.715,-1701.5532225795,7862.884,65.4112,65.86416,9735.795
1930-03-31,27990.4643950942,-3935,9735.795,65.86416,62.672825,5859.905
1930-04-30,12672.8180064226,-2033.06794881587,5859.905,62.672825,69.91699,12868.255
1930-05-31,7844.18482333156,-2573.36827093395,12868.255,69.91699,79.85139,18487.988
1930-06-30,7100,-5000,18487.988,79.85139,83.4873,21333.402
1930-07-31,5000,-10381.6697627723,21333.402,83.4873,85.92304,23409.873
1930-08-31,3500,-6079.93681237711,23409.873,85.92304,90.19121,25141.473
1930-09-30,3268.48937782051,-5470.28842068733,25141.473,90.19121,92.2518,25628.455
1930-10-31,4918.64509107838,-1650.92634946901,25628.455,92.2518,91.51397,24922.812
1930-11-30,4826.31100817099,-2959.87016793561,24922.812,91.51397,91.53037,24593.021
1930-12-31,4544.3325747807,-2065.76274724322,24593.021,91.53037,92.65125,23206.412
1931-01-31,17632.1256999978,133.416267737688,23206.412,92.65125,79.20779,12552.235
1931-02-28,8014.13134157197,-4855.88406689431,12552.235,79.20779,77.5978,17594.594
1931-03-31,7293.6873459465,-1374.23665642916,17594.594,77.5978,82.733795,20401.482
1931-04-30,4247.689262551,-739.665199926296,20401.482,82.733795,87.64376,22665.879
1931-05-31,5181.8317097439,-1908.23570530526,22665.879,87.64376,89.9602,23026.668
1931-06-30,3071.55974249485,-1789.68892281998,23026.668,89.9602,93.104866,27186.238
1931-07-31,3000,-2125.75149326582,27186.238,93.104866,94.575966,26663.285
1931-08-31,3000.00000000001,-2835.57710095503,26663.285,94.575966,94.01858,26586.846
1931-09-30,3357.37070719734,-1898.90454787181,26586.846,94.01858,93.04692,25895.154
1931-10-31,3049.19787938332,-2474.60824573623,25895.154,93.04692,94.25777,26695.822
1931-11-30,6117.13276967442,-927.98539306112,26695.822,94.25777,92.26557,24832.006
1931-12-31,20206.1780905705,-5290.32258064516,24832.006,92.26557,75.01317,9956.763
1932-01-31,19555.8647442536,-4516.12903225806,9956.763,75.01317,66.80127,10557.437
1932-02-29,25021.5326057649,-4333.79310344828,10557.437,66.80127,63.96365,8528.559
1932-03-31,7435.36762223619,-3217.10836323736,8528.559,63.96365,75.37887,17400.143
1932-04-30,9515.59398317618,-1717.98097466261,17400.143,75.37887,80.706924,16667.168
1932-05-31,14530.5004791011,-2359.23706939517,16667.168,80.706924,74.996864,11685.486
1932-06-30,3412.25019000077,-1533.43165318648,11685.486,74.996864,82.58128,21290.312
1932-07-31,3019.60105958781,-2350.16715859341,21290.312,82.58128,90.01294,25116.73
1932-08-31,3141.5621875232,-2326.71774278266,25116.73,90.01294,92.12033,26402.027
1932-09-30,3500,-4015.45738663702,26402.027,92.12033,92.77291,26029.754
1932-10-31,3000,-4969.14069619993,26029.754,92.77291,94.221375,26809.916
1932-11-30,4452.48570714672,-3406.7202510099,26809.916,94.221375,94.23965,26448.87
1932-12-31,7896.84650659826,-3939.9400008807,26448.87,94.23965,90.2713,21927.635
1933-01-31,11935.533149891,-5000,21927.635,90.2713,83.38266,14942.786
1933-02-28,10418.6048347439,-4820,14942.786,83.38266,78.769775,15979.502
1933-03-31,7550.14474312311,-2954.91010038043,15979.502,78.769775,80.7166,18315.902
1933-04-30,5726.8420145868,-656.819289904882,18315.902,80.7166,84.47288,20806.969
1933-05-31,6934.54101304194,-1890.12949890969,20806.969,84.47288,86.453674,20575.8
1933-06-30,3000,-1819.76398639402,20575.8,86.453674,90.2177,24721.541
1933-07-31,3007.64063097372,-2082.71382805971,24721.541,90.2177,93.339005,25818.547
1933-08-31,3000,-1839.41930108865,25818.547,93.339005,93.72268,26874.502
1933-09-30,3072.04682292416,-2073.29907225844,26874.502,93.72268,93.150795,26808.012
1933-10-31,3396.94247307224,-1339.77397219053,26808.012,93.150795,93.98831,26485.666
1933-11-30,5108.13372711643,-1816.22625648363,26485.666,93.98831,93.23974,25050.293
1933-12-31,11300.2753134066,-5475.05171410464,25050.293,93.23974,85.81815,18218.11
1934-01-31,16540.6191550869,-3645.16129032258,18218.11,85.81815,73.88105,13567.446
1934-02-28,15698.5012462316,-4427.32142857143,13567.446,73.88105,69.84738,12399.104
1934-03-31,7994.86922599794,-4026.06082043389,12399.104,69.84738,77.31421,17320.125
1934-04-30,5900.91476383823,-737.867105102349,17320.125,77.31421,83.71325,20234.479
1934-05-31,4773.30022816868,-2082.82498909035,20234.479,83.71325,89.1841,22975.186
1934-06-30,3083.13903206185,-1776.95388758918,22975.186,89.1841,92.356674,25918.264
1934-07-31,3000,-2155.08306451922,25918.264,92.356674,93.86702,26353.512
1934-08-31,3000,-2234.13532404018,26353.512,93.86702,93.870476,26810.14
1934-09-30,3532.52747188049,-4169.48972239335,26810.14,93.870476,92.84033,26908.719
1934-10-31,3412.61129433116,-2089.11527102203,26908.719,92.84033,93.529915,26675.908
1934-11-30,5949.70900044688,-5235.06087085608,26675.908,93.529915,91.92548,23240.34
1934-12-31,6199.17254708041,-4052.02700252128,23240.34,91.92548,90.321335,22177.021
1935-01-31,29529.8325275989,-3645.16129032258,22177.021,90.321335,68.36249,6255.5547
1935-02-28,14098.7689030814,-4316.42857142857,6255.5547,68.36249,68.04778,12130.984
1935-03-31,24225.8399871566,-3935,12130.984,68.04778,65.1493,7538.4507
1935-04-30,46905.8160407992,-3453.2316424007,7538.4507,65.1493,57.621983,3404.5522
1935-05-31,21610.1942142507,-1914.3680629999,3404.5522,57.621983,63.776814,8263.315
1935-06-30,6170,-4999.99999999998,8263.315,63.776814,77.42276,19775.447
1935-07-31,6607.19874656542,-8314.63743693494,19775.447,77.42276,84.40743,21876.09
1935-08-31,4000,-5452.59600641935,21876.09,84.40743,87.39158,24053.025
1935-09-30,3064.60133453527,-5115.78276220031,24053.025,87.39158,91.22069,25601.562
1935-10-31,6915.03800095872,-1548.68448151047,25601.562,91.22069,89.320656,22644.736
1935-11-30,4500,-5460.52842045354,22644.736,89.320656,89.37659,24649.09
1935-12-31,7250.44004526619,-3644.94441427023,24649.09,89.37659,88.43804,21992.953
1936-01-31,42248.921065737,-3645.16129032258,21992.953,88.43804,62.53993,3975.7168
1936-02-29,101390.92213881,-3962.56745309178,3975.7168,62.53993,53.396942,2249.0583
1936-03-31,31883.2060583554,-3500,2249.0583,53.396942,59.483982,5663.022
1936-04-30,27587.0168873359,-579.821840881594,5663.022,59.483982,61.965252,6684.61
1936-05-31,13059.7074973567,-1293.28348752448,6684.61,61.965252,69.99449,12823.689
1936-06-30,6283.38988972646,-3074.45841404428,12823.689,69.99449,80.636345,20125.484
1936-07-31,7926.57913286975,-8949.19363788263,20125.484,80.636345,83.317345,20740.412
1936-08-31,4135.34277755681,-9067.16795449428,20740.412,83.317345,86.821304,24203.623
1936-09-30,3806.38793406909,-5225.94912544742,24203.623,86.821304,90.16714,25278.09
1936-10-31,4491.7104621889,-6813.21040184878,25278.09,90.16714,91.56572,24349.537
1936-11-30,4500,-4367.61967465745,24349.537,91.56572,92.56422,25388.604
1936-12-31,8305.75779477989,-3786.77407613776,25388.604,92.56422,88.787415,21320.725
1937-01-31,11344.9850995874,-5000,21320.725,88.787415,83.31656,16632.613
1937-02-28,56175.0448539448,-4316.42857142857,16632.613,83.31656,58.142178,3166.0308
1937-03-31,45664.0320744996,-3935,3166.0308,58.142178,56.705887,3739.5042
1937-04-30,22669.295152085,-1080.56781311287,3739.5042,56.705887,63.18595,8127.6772
1937-05-31,16842.7524386762,99.8208061817718,8127.6772,63.18595,67.933,11672.536
1937-06-30,7800,-5000,11672.536,67.933,77.54582,18412.191
1937-07-31,6500,-7710.00893502929,18412.191,77.54582,83.790306,20299.834
1937-08-31,4000,-5459.44678734881,20299.834,83.790306,87.44986,24232.463
1937-09-30,3000,-6007.67310828675,24232.463,87.44986,91.141655,26363.127
1937-10-31,4000,-4685.52468693382,26363.127,91.141655,92.7586,24780.99
1937-11-30,16057.8384980311,-9487.54010474135,24780.99,92.7586,80.32186,12571.294
1937-12-31,71876.2093347082,-5290.32258064516,12571.294,80.32186,55.806362,2741.1836
1938-01-31,30539.4088333448,-4516.12903225806,2741.1836,55.806362,60.08583,6346.34
1938-02-28,188028.164982832,1713.89609700279,6346.34,60.08583,51.30138,1670.9534
1938-03-31,191828.347255074,6593.78937707747,1670.9534,51.30138,51.60649,1763.3854
1938-04-30,56193.4861911786,-2369.81713331025,1763.3854,51.60649,55.255264,2967.7559
1938-05-31,39802.5014952758,1949.95766182365,2967.7559,55.255264,58.03283,4450.757
1938-06-30,10854.7194473736,-3172.3103977481,4450.757,58.03283,70.277985,15593.65
1938-07-31,9042.60722463353,-7118.5232031718,15593.65,70.277985,79.09598,18358.822
1938-08-31,4325.26881722581,-10013.7599429353,18358.822,79.09598,83.97149,22640.8
1938-09-30,4176.16237173821,-9678.00973027533,22640.8,83.97149,87.006035,24730.01
1938-10-31,4776.47955283119,-9196.14300910477,24730.01,87.006035,89.084435,23885.705
1938-11-30,7127.21181312197,-9549.14186999379,23885.705,89.084435,89.03159,21213.973
1938-12-31,6489.52387442812,-7623.39918826207,21213.973,89.03159,86.93943,21970.043
1939-01-31,9584.87858144873,-4209.71024983725,21970.043,86.93943,84.44872,19331.951
1939-02-28,12182.2240701321,-4820,19331.951,84.44872,80.27993,16467.564
1939-03-31,11045.0702988983,-3898.1178535285,16467.564,80.27993,77.29384,15927.843
1939-04-30,10413.333,-1595.68272838243,15927.843,77.29384,77.85833,16553.432
1939-05-31,10445.2368534619,-2609.84871075332,16553.432,77.85833,78.90239,15966.311
1939-06-30,5239.23458383494,-3468.70220263863,15966.311,78.90239,83.56735,22016.318
1939-07-31,5483.75621959797,-5562.0770215595,22016.318,83.56735,87.58488,23076.768
1939-08-31,4317.31904930525,-3812.15995423338,23076.768,87.58488,90.26716,23840.22
1939-09-30,3000,-4124.54138305782,23840.22,90.26716,92.12217,25759.652
1939-10-31,4000,-2004.1580619092,25759.652,92.12217,92.864555,25733.797
1939-11-30,4957.31038058532,-1606.21962180983,25733.797,92.864555,92.50423,25344.734
1939-12-31,5728.04836331282,-2271.0573226294,25344.734,92.50423,91.11573,23423.988
1940-01-31,38705.1050922824,-3645.16129032258,23423.988,91.11573,64.31415,4370.584
1940-02-29,81610.7253916672,-4333.79310344828,4370.584,64.31415,53.953735,2464.6716
1940-03-31,98481.2061458373,-3500,2464.6716,53.953735,53.13277,2383.4487
1940-04-30,44691.1138977873,-816.230359357521,2383.4487,53.13277,56.707558,3742.595
1940-05-31,14906.0023218847,-2155.34693908944,3742.595,56.707558,67.18307,10761.619
1940-06-30,7045.75539512344,-5000,10761.619,67.18307,78.8235,18282.553
1940-07-31,11250,-8227.1852497367,18282.553,78.8235,80.00381,16480.037
1940-08-31,4259.72143658125,-11496.7652123566,16480.037,80.00381,84.74067,23079.834
1940-09-30,4255.67329448442,-5182.7585584703,23079.834,84.74067,88.17473,24306.428
1940-10-31,4708.4607555582,-8328.06309103326,24306.428,88.17473,89.89452,23454.854
1940-11-30,5054.08011409714,-5523.01622189721,23454.854,89.89452,91.08864,23926.037
1940-12-31,43668.9575886267,-5290.32258064516,23926.037,91.08864,63.06395,3558.0579
1941-01-31,100971.53861634,-4516.12903225806,3558.0579,63.06395,53.168674,2426.8481
1941-02-28,136141.257472233,-4464.28571428571,2426.8481,53.168674,52.36277,2091.493
1941-03-31,88259.1377307019,-3500,2091.493,52.36277,53.186836,2362.299
1941-04-30,77177.654527301,-3995,2362.299,53.186836,53.629383,2497.5269
1941-05-31,29790.9181375345,-1134.1348063047,2497.5269,53.629383,60.24917,5943.932
1941-06-30,8703.93517806854,-4364.22423973376,5943.932,60.24917,73.46183,16556.61
1941-07-31,9327.51486635667,-10192.7333704829,16556.61,73.46183,79.767044,17208.719
1941-08-31,4000,-10122.0036639718,17208.719,79.767044,84.29682,22795.562
1941-09-30,4209.17935196038,-9768.56376252153,22795.562,84.29682,87.43,24419.607
1941-10-31,5223.26060631248,-9350.63584183331,24419.607,87.43,88.76664,22525.656
1941-11-30,6881.81159780178,-9598.51302443972,22525.656,88.76664,87.64051,20283.324
1941-12-31,61301.009033357,-5290.32258064516,20283.324,87.64051,58.02071,2881.6072
1942-01-31,90142.3338832406,-4516.12903225806,2881.6072,58.02071,53.124718,2467.5547
1942-02-28,163454.312965224,-4464.28571428571,2467.5547,53.124718,51.807316,2010.8041
1942-03-31,27517.2363911691,-3500,2010.8041,51.807316,60.57462,6212.4688
1942-04-30,46657.8268249674,-3995,6212.4688,60.57462,57.40703,3483.2224
1942-05-31,33278.5212058373,-1325.76627453624,3483.2224,57.40703,59.89176,5613.6533
1942-06-30,7943.00479740906,-4781.39968858779,5613.6533,59.89176,73.57283,17829.424
1942-07-31,9048.90374722147,-8846.13033529528,17829.424,73.57283,80.76816,18628.455
1942-08-31,4000,-9930.00567135918,18628.455,80.76816,84.40641,23126.643
1942-09-30,5039.69255821068,-9887.27380564928,23126.643,84.40641,86.67064,23237.377
1942-10-31,4000,-8674.87511616848,23237.377,86.67064,87.93664,23756.234
1942-11-30,10603.9439393134,-8562.03814603169,23756.234,87.93664,84.83766,19104.36
1942-12-31,23792.7997138422,-5290.32258064516,19104.36,84.83766,67.96788,7926.378
1943-01-31,91316.9820095304,-4516.12903225806,7926.378,67.96788,53.740974,2403.2104
1943-02-28,61558.7102986173,-4033.03571428571,2403.2104,53.740974,54.558887,2911.8062
1943-03-31,91248.0334729806,417.141848492206,2911.8062,54.558887,53.3495,2342.8262
1943-04-30,30057.2334811334,211.712112863932,2342.8262,53.3495,59.93437,6023.691
1943-05-31,11665.524761436,-2572.24807844551,6023.691,59.93437,71.112526,13583.834
1943-06-30,7986.55128544054,-5000,13583.834,71.112526,79.82203,18251.373
1943-07-31,10653.1422998536,-9903.72347745888,18251.373,79.82203,79.49808,17563.895
1943-08-31,4325.26881722581,-9510.73833266986,17563.895,79.49808,83.54167,22870.348
1943-09-30,4344.44444453333,-6715.40876226096,22870.348,83.54167,87.22062,24128.076
1943-10-31,4000,-6464.69442159029,24128.076,87.22062,89.62983,24175.246
1943-11-30,5591.2856758547,-5874.33931876722,24175.246,89.62983,91.10893,23890.025
1943-12-31,8200.83513668022,-3098.2396586246,23890.025,91.10893,88.24756,21390.248
1944-01-31,9384.62609741605,-5000,21390.248,88.24756,84.1989,19538.588
1944-02-29,27806.2119455268,-4333.79310344828,19538.588,84.1989,67.10938,6815.9536
1944-03-31,19015.2608434279,-3935,6815.9536,67.10938,65.45501,9368.093
1944-04-30,11943.6895545508,-2274.58089488547,9368.093,65.45501,72.779274,14433.986
1944-05-31,9452.25369627169,-489.951284639445,14433.986,72.779274,78.61657,16549.596
1944-06-30,7100,-5000,16549.596,78.61657,82.32797,19668.498
1944-07-31,5000,-7373.09376287886,19668.498,82.32797,85.68281,22987.604
1944-08-31,3642.86384134688,-3437.60755745895,22987.604,85.68281,89.52391,25624.393
1944-09-30,3203.9418069677,-4496.21229792273,25624.393,89.52391,92.072784,26700.645
1944-10-31,4009.78949828398,-3947.97478889572,26700.645,92.072784,92.69943,25871.027
1944-11-30,8758.16488326663,-6697.5452478566,25871.027,92.69943,88.23628,21295.283
1944-12-31,14235.3817848111,-5290.32258064516,21295.283,88.23628,77.80693,15210.529
1945-01-31,8471.10773923424,-5000,15210.529,77.80693,78.809494,18876.824
1945-02-28,64271.3153483379,-4316.42857142857,18876.824,78.809494,57.108894,2873.698
1945-03-31,24224.9798021511,-3500,2873.698,57.108894,61.798676,7148.548
1945-04-30,13168.3109433136,-1919.55056296323,7148.548,61.798676,70.303246,12735.758
1945-05-31,10893.2318030706,-2120.68418599177,12735.758,70.303246,76.43081,15537.532
1945-06-30,7243.3335,-5000,15537.532,76.43081,81.42797,20652.285
1945-07-31,5000,-9916.57056205234,20652.285,81.42797,85.30544,22258.203
1945-08-31,3521.37134066202,-7908.90055866662,22258.203,85.30544,89.2123,24487.098
1945-09-30,3584.06552664915,-6167.8068938748,24487.098,89.2123,91.69523,25513.803
1945-10-31,5331.39496022737,-6345.11338467748,25513.803,91.69523,90.870255,24733.65
1945-11-30,7804.06769609056,-9397.3619748923,24733.65,90.870255,88.102394,20690.904
1945-12-31,80657.7572924266,-5290.32258064516,20690.904,88.102394,56.260784,2518.9558
1946-01-31,52635.6107776966,-4516.12903225806,2518.9558,56.260784,55.61909,3337.7036
1946-02-28,22961.4070470524,-4033.03571428571,3337.7036,55.61909,62.564667,7918.3716
1946-03-31,22056.0522233768,-3500,7918.3716,62.564667,64.59938,8279.265
1946-04-30,15090.1338667172,-2106.29833418088,8279.265,64.59938,68.81383,11775.614
1946-05-31,11992.8377399334,-1921.65111907435,11775.614,68.81383,74.723526,14770.815
1946-06-30,7100,-5000,14770.815,74.723526,81.0084,20295.232
1946-07-31,8159.44602867586,-9781.36832656653,20295.232,81.0084,83.30931,20346.406
1946-08-31,4200.03660896069,-10130.7722084406,20346.406,83.30931,87.24252,23494.816
1946-09-30,4002.36634325656,-6429.21928772742,23494.816,87.24252,89.91463,24718.684
1946-10-31,4000,-6735.11520231742,24718.684,89.91463,91.41813,24826.604
1946-11-30,6651.10453458964,-6462.11606255778,24826.604,91.41813,90.18733,23166.5
1946-12-31,8447.99848798488,-6896.1025294143,23166.5,90.18733,86.244194,19340.236
1947-01-31,6000,-5000,19340.236,86.244194,87.09783,22367.768
1947-02-28,15368.9086848129,-4316.42857142857,22367.768,87.09783,79.44906,12291.673
1947-03-31,15015.2303788939,-4625,12291.673,79.44906,71.68117,12872.092
1947-04-30,11480.5812048274,-2349.55456794482,12872.092,71.68117,74.624306,15217.19
1947-05-31,8774.86619367631,-2605.5395982986,15217.19,74.624306,79.566,16763.174
1947-06-30,7100,-4099.25681416765,16763.174,79.566,82.99822,19419.104
1947-07-31,5000,-4277.18379196124,19419.104,82.99822,86.08486,22695.02
1947-08-31,3500,-2972.43771250096,22695.02,86.08486,90.89411,25061.986
1947-09-30,3000,-4258.52628956389,25061.986,90.89411,92.996925,26278.566
1947-10-31,4988.47194092673,-4771.23471911605,26278.566,92.996925,91.47281,24756.871
1947-11-30,4913.2129281255,-3722.76060747634,24756.871,91.47281,91.77407,25284.59
1947-12-31,5326.34721274756,-1927.05434743358,25284.59,91.77407,91.56246,25240.557
1948-01-31,13526.6884664538,-3645.16129032258,25240.557,91.56246,82.98917,15840.865
1948-02-29,11144.827,-2795.23370492896,15840.865,82.98917,77.4664,14732.844
1948-03-31,13639.2448973688,-4533.94046449567,14732.844,77.4664,74.199715,13960.357
1948-04-30,28440.0802659027,-2312.93622915292,13960.357,74.199715,63.728542,6436.165
1948-05-31,22306.263412286,-2450.29494422961,6436.165,63.728542,64.23536,7652.3667
1948-06-30,7402.0835,-5000,7652.3667,64.23536,76.1417,17536.525
1948-07-31,5000,-11494.2901452579,17536.525,76.1417,84.72674,21722.97
1948-08-31,3500,-5872.47656460843,21722.97,84.72674,87.672714,24784.291
1948-09-30,3000,-5975.44266875933,24784.291,87.672714,91.75368,25501.08
1948-10-31,4236.74512597812,-4710.68033222327,25501.08,91.75368,92.61246,25485.832
1948-11-30,5519.10659333808,-4386.64346110624,25485.832,92.61246,91.65358,24212.598
1948-12-31,9156.35550342062,-4523.64485546714,24212.598,91.65358,87.27186,19714.012
1949-01-31,7085.35500570563,-5000,19714.012,87.27186,85.772675,21738.057
1949-02-28,11562.8928178168,-4955,21738.057,85.772675,81.95253,16490.43
1949-03-31,44850.6796022039,-4625,16490.43,81.95253,60.08145,3583.3281
1949-04-30,13592.0767568961,-2398.67571362092,3583.3281,60.08145,67.93491,12113.292
1949-05-31,9251.613,-2677.8293805375,12113.292,67.93491,77.90522,17138.379
1949-06-30,7100,-4447.33552722416,17138.379,77.90522,82.43042,20209.553
1949-07-31,5000,-5043.95276062343,20209.553,82.43042,85.5447,22707.059
1949-08-31,3500,-3034.97828676871,22707.059,85.5447,89.625374,25037.8
1949-09-30,3000,-4509.27628150721,25037.8,89.625374,92.41748,26891.385
1949-10-31,4000,-3841.48424498956,26891.385,92.41748,92.920586,25989.16
1949-11-30,4872.0784431689,-3207.18796263014,25989.16,92.920586,92.59268,24894.729
1949-12-31,5858.46035651342,-2193.59361550362,24894.729,92.59268,91.63011,22796.77
1950-01-31,25464.5875629852,-3645.16129032258,22796.77,91.63011,71.18617,7864.89
1950-02-28,40681.8992394305,-4316.42857142857,7864.89,71.18617,58.850376,4080.9949
1950-03-31,16354.9687777332,-3935,4080.9949,58.850376,66.15065,10923.157
1950-04-30,16420.7750527656,-2415.58805355464,10923.157,66.15065,69.49468,11313.591
1950-05-31,12067.6995115729,-2452.63456407446,11313.591,69.49468,74.115746,14148.026
1950-06-30,7025.8335,-5000,14148.026,74.115746,80.92824,19595.11
1950-07-31,5000,-10987.1164739262,19595.11,80.92824,85.38334,22926.318
1950-08-31,3500,-6091.04631390084,22926.318,85.38334,88.94626,24637.691
1950-09-30,3510.40799827444,-5740.40820598255,24637.691,88.94626,91.67555,25388.377
1950-10-31,5094.22598348882,-6572.11328485427,25388.377,91.67555,91.110634,24353.139
1950-11-30,45692.2087423538,-8183.50816345372,24353.139,91.110634,62.402462,4096.822
1950-12-31,112352.544471658,-4259.80376359344,4096.822,62.402462,52.906513,2256.757
1951-01-31,77718.4757351944,-4516.12903225806,2256.757,52.906513,53.510777,2630.3984
1951-02-28,72741.033857745,-4464.28571428571,2630.3984,53.510777,53.955814,2633.3594
1951-03-31,33044.531495162,-3500,2633.3594,53.955814,59.425266,5684.557
1951-04-30,12815.4101041568,-2335.32764231799,5684.557,59.425266,69.29916,13431.623
1951-05-31,12138.9394207443,-1982.09455359942,13431.623,69.29916,75.28484,14549.611
1951-06-30,8936.9745622401,-5000,14549.611,75.28484,79.10401,17651.469
1951-07-31,10413.328036444,-8576.97851582837,17651.469,79.10401,80.407814,17484.86
1951-08-31,4000,-11377.7394631683,17484.86,80.407814,85.379364,23549.387
1951-09-30,4114.59116446114,-4575.46125870974,23549.387,85.379364,88.898224,24485.287
1951-10-31,5620.46898890883,-9372.38993019405,24485.287,88.898224,89.27631,22967.654
1951-11-30,6270.76768444751,-6985.94160530567,22967.654,89.27631,89.096825,23228.86
1951-12-31,43391.7911205802,-5290.32258064516,23228.86,89.096825,62.66373,4784.313
1952-01-31,111391.810507997,-4516.12903225807,4784.313,62.66373,52.945045,2334.3767
1952-02-29,102569.834696097,-4482.75862068966,2334.3767,52.945045,52.963856,2337.9956
1952-03-31,73970.9982664719,-3500,2337.9956,52.963856,53.82971,2510.6968
1952-04-30,49825.7689226312,-3995,2510.6968,53.82971,56.06722,3564.573
1952-05-31,45482.5191861501,-3114.12253417422,3564.573,56.06722,56.90844,3728.5837
1952-06-30,16023.4803711183,-5000,3728.5837,56.90844,66.35994,10831.998
1952-07-31,8000,-8015.78710964756,10831.998,66.35994,77.62929,18215.498
1952-08-31,4325.26881722581,-10361.6009754132,18215.498,77.62929,84.55111,23252.152
1952-09-30,5257.77145832527,-9260.39313628432,23252.152,84.55111,85.94739,23764.092
1952-10-31,4000,-8550.68873849301,23764.092,85.94739,87.67323,23943.715
1952-11-30,5494.99060702789,-7199.62469141179,23943.715,87.67323,90.30688,22798.666
1952-12-31,38825.7141812454,-5290.32258064516,22798.666,90.30688,64.47539,4292.2007
1953-01-31,104614.616213121,-4516.12903225806,4292.2007,64.47539,53.334846,2372.4082
1953-02-28,23783.7969753284,-4464.28571428571,2372.4082,53.334846,61.753162,7514.7173
1953-03-31,18193.1459918933,-3500,7514.7173,61.753162,66.55668,9295.139
1953-04-30,21533.0831472976,-1996.69920233526,9295.139,66.55668,65.741585,8076.1475
1953-05-31,18887.5996102938,-1870.54201805003,8076.1475,65.741585,66.8459,10401.095
1953-06-30,11344.0600526992,-5000,10401.095,66.8459,73.41839,16045.241
1953-07-31,9531.25,-10942.4822555822,16045.241,73.41839,80.02739,17934.855
1953-08-31,4166.60034661623,-10251.2342570632,17934.855,80.02739,85.31551,23361.734
1953-09-30,4795.35011117007,-7138.92577155802,23361.734,85.31551,87.59668,24548.824
1953-10-31,4060.30614531812,-8182.98182901945,24548.824,87.59668,89.93823,24366.014
1953-11-30,6196.102384813,-6250.85066849075,24366.014,89.93823,90.17314,21713.918
1953-12-31,6826.21227093545,-4622.04611363921,21713.918,90.17314,87.728806,20780.812
1954-01-31,29146.7339188155,-3645.16129032258,20780.812,87.728806,66.480995,6734.8413
1954-02-28,51827.7074883827,-4156.25,6734.8413,66.480995,56.647945,3073.885
1954-03-31,41149.8549707945,-3500,3073.885,56.647945,57.667942,3906.8982
1954-04-30,33468.0189350345,-2526.72207540101,3906.8982,57.667942,59.714443,4801.6377
1954-05-31,14492.4653815837,-2210.6446830315,4801.6377,59.714443,68.31535,12363.498
1954-06-30,7807.36295041111,-5000,12363.498,68.31535,78.66946,19160.111
1954-07-31,12938.3530021372,-10000.2051592306,19160.111,78.66946,78.54979,15144.18
1954-08-31,4325.26881722581,-11116.1229377184,15144.18,78.54979,83.69774,21325.338
1954-09-30,4042.28919401539,-5941.76708834181,21325.338,83.69774,87.915764,23154.713
1954-10-31,4000,-6206.25120912116,23154.713,87.915764,89.574455,27052.24
1954-11-30,5866.46450376447,-7731.55927256779,27052.24,89.574455,90.23035,23398.9
1954-12-31,16999.5320017353,-5290.32258064516,23398.9,90.23035,79.313446,12230.633
1955-01-31,18164.6549219679,-4516.12903225806,12230.633,79.313446,68.538185,10635.571
1955-02-28,10312.5,-4316.35789466664,10635.571,68.538185,73.97845,14977.548
1955-03-31,7732.00483464755,-3193.58652489488,14977.548,73.97845,80.43305,19356.518
1955-04-30,12468.4920273603,-1510.86955797726,19356.518,80.43305,77.74813,15375.53
1955-05-31,9835.18016282447,-2157.96365439846,15375.53,77.74813,78.21786,16480.002
1955-06-30,7673.3335,-4962.29927649742,16480.002,78.21786,81.64027,18509.188
1955-07-31,5364.48123322015,-6239.26796846324,18509.188,81.64027,85.87776,21894.299
1955-08-31,3500,-4425.01196957581,21894.299,85.87776,89.64717,24885.229
1955-09-30,3000,-5103.09453940299,24885.229,89.64717,91.704,25880.285
1955-10-31,4000,-4238.22009435093,25880.285,91.704,92.96151,25246.484
1955-11-30,5407.7137564529,-3560.53597845938,25246.484,92.96151,92.26594,25455.186
1955-12-31,116419.413482269,-5269.65625469007,25455.186,92.26594,54.97527,2277.0024
1956-01-31,187634.16478456,-360.622637412997,2277.0024,54.97527,51.43532,1827.1561
1956-02-29,96958.0897263185,-4482.75862068965,1827.1561,51.43532,52.920086,2421.6519
1956-03-31,40181.0999030555,-3500,2421.6519,52.920086,57.54987,4215.0054
1956-04-30,18701.9992391924,-1155.36162589548,4215.0054,57.54987,65.214,9915.35
1956-05-31,21683.6841822607,-2500.03607453279,9915.35,65.214,65.47635,8583.76
1956-06-30,8202.55656073331,-4231.73779457669,8583.76,65.47635,75.532875,17082.674
1956-07-31,9335.03533471059,-9518.23521743818,17082.674,75.532875,80.21671,17288.002
1956-08-31,4000,-10012.0704841162,17288.002,80.21671,84.22024,23246.973
1956-09-30,4845.81662005796,-9727.4671223651,23246.973,84.22024,86.853,24274.588
1956-10-31,4392.00428179477,-9474.13699801293,24274.588,86.853,89.176186,23157.326
1956-11-30,5324.3372734,-5953.60040511085,23157.326,89.176186,91.37182,23062.469
1956-12-31,5749.4664071792,-3388.73759851844,23062.469,91.37182,91.15185,23393.275
1957-01-31,9268.65576420784,-4492.53803707939,23393.275,91.15185,86.72666,21005.207
1957-02-28,21293.6851362446,-4156.25,21005.207,86.72666,72.138435,9490.831
1957-03-31,41994.1307623019,-3500,9490.831,72.138435,58.657753,3702.8071
1957-04-30,13886.4707794101,-1561.89973497656,3702.8071,58.657753,67.92369,12113.214
1957-05-31,22341.4588560373,-1971.31210347254,12113.214,67.92369,66.63004,8418.817
1957-06-30,6687.5,-5000,8418.817,66.63004,76.99593,19568.15
1957-07-31,8796.58092180144,-10883.3948509873,19568.15,76.99593,82.14876,19476.572
1957-08-31,4805.99904340633,-10482.2721002616,19476.572,82.14876,85.318146,23005.246
1957-09-30,4902.94117420028,-9057.72537657956,23005.246,85.318146,87.29277,23771.396
1957-10-31,10095.4117993246,-9876.95572788733,23771.396,87.29277,82.35118,17854.762
1957-11-30,4500,-8398.67940504667,17854.762,82.35118,84.90346,21751.72
1957-12-31,21249.6960785759,-5290.32258064516,21751.72,84.90346,71.87257,8620.239
1958-01-31,37061.963851609,-4516.12903225806,8620.239,71.87257,59.909405,4457.2026
1958-02-28,215934.019847495,-4156.25,4457.2026,59.909405,50.852474,1672.4264
1958-03-31,113507.19428707,-3500,1672.4264,50.852474,52.641365,2105.6812
1958-04-30,99203.9942098976,-1444.12606402647,2105.6812,52.641365,53.046673,2305.0698
1958-05-31,30513.2335594259,-1134.13480630467,2305.0698,53.046673,59.9561,5815.5625
1958-06-30,10505.8831627957,-5000,5815.5625,59.9561,71.6782,15192.757
1958-07-31,8244.11889648438,-9394.83233688933,15192.757,71.6782,79.9696,18741.988
1958-08-31,4325.26881722581,-10576.207319754,18741.988,79.9696,84.59714,22787.365
1958-09-30,8229.02871715539,-9337.39594428847,22787.365,84.59714,83.353615,19740.373
1958-10-31,4006.26695119634,-9355.24043904979,19740.373,83.353615,85.70788,23061.184
1958-11-30,4952.18951762236,-9528.76538661374,23061.184,85.70788,90.62113,23639.26
1958-12-31,7298.56538018527,-2796.48501543738,23639.26,90.62113,89.07328,21722.111
1959-01-31,26461.1296241227,-3645.16129032258,21722.111,89.07328,69.44022,6806.2993
1959-02-28,58898.7076938694,-4156.25,6806.2993,69.44022,55.916233,2860.5076
1959-03-31,14383.6324011865,-3500,2860.5076,55.916233,66.8599,11740.236
1959-04-30,10651.3922373363,-2349.11346550031,11740.236,66.8599,76.18884,16637.766
1959-05-31,9531.56719124916,-2530.6877540986,16637.766,76.18884,79.530464,16511.557
1959-06-30,7432.99703664234,-5000,16511.557,79.530464,82.069626,19447.213
1959-07-31,9983.28425414622,-10980.0259096831,19447.213,82.069626,81.793465,18022.691
1959-08-31,4636.71018935308,-11657.6217505679,18022.691,81.793465,85.6416,22825.514
1959-09-30,5865.78474736522,-8541.24857911272,22825.514,85.6416,86.32358,23025.691
1959-10-31,4000,-4898.38787848084,23025.691,86.32358,88.00775,22856.031
1959-11-30,4500,-3309.76432689002,22856.031,88.00775,91.53303,23746.814
1959-12-31,6243.57787970006,-1664.33166001969,23746.814,91.53303,91.190315,22845
1960-01-31,8620.48222848732,-5000,22845,91.190315,87.80297,20124.088
1960-02-29,34270.7364535294,-4445.51724137931,20124.088,87.80297,64.234955,5312.53
1960-03-31,19100.0455066199,-3935,5312.53,64.234955,64.794235,8644.891
1960-04-30,15179.2325611751,-2116.94420293376,8644.891,64.794235,69.85149,11505.92
1960-05-31,7938.67763326974,-2478.76026328258,11505.92,69.85149,78.503525,18155.115
1960-06-30,7100,-5000,18155.115,78.503525,83.204445,20631.92
1960-07-31,5645.58329565839,-11512.9340181067,20631.92,83.204445,85.05482,22616.285
1960-08-31,3756.17888996827,-4809.48289972322,22616.285,85.05482,89.81438,24889.973
1960-09-30,3501.08415855765,-4526.68383116517,24889.973,89.81438,92.04092,26367.562
1960-10-31,4000,-3946.159046086,26367.562,92.04092,92.03812,25459.107
1960-11-30,7327.44539066959,-5462.18599614836,25459.107,92.03812,90.26362,22617.197
1960-12-31,10737.4470082256,-5290.32258064516,22617.197,90.26362,82.88268,16545.955
1961-01-31,7831.8212231393,-5000,16545.955,82.88268,82.39772,19292.959
1961-02-28,29441.9446282207,-4316.42857142857,19292.959,82.39772,66.04293,5856.5767
1961-03-31,14207.6745099476,-3935,5856.5767,66.04293,68.16491,11842.905
1961-04-30,10396.6550345771,-1940.34630710152,11842.905,68.16491,75.9636,15087.063
1961-05-31,9277.74703674293,-2337.53503409294,15087.063,75.9636,79.870476,16676.56
1961-06-30,7100,-5000.00000000001,16676.56,79.870476,82.67322,20783.662
1961-07-31,5000,-7781.52664153986,20783.662,82.67322,86.000084,23517.791
1961-08-31,3500,-3778.69710521047,23517.791,86.000084,89.7501,25376.566
1961-09-30,3296.36913092812,-4773.54242218157,25376.566,89.7501,92.13961,26367.402
1961-10-31,4000,-3560.90488121172,26367.402,92.13961,92.492645,26110.166
1961-11-30,5304.20516935093,-3128.49198067647,26110.166,92.492645,92.0894,25374.191
1961-12-31,10559.9530849429,-5290.32258064516,25374.191,92.0894,85.55374,15875.296
1962-01-31,6000,-4462.41236387282,15875.296,85.55374,85.235596,21689.16
1962-02-28,71295.5264883182,-4427.32142857143,21689.16,85.235596,57.31409,2589.6108
1962-03-31,23132.8806313002,-3500,2589.6108,57.31409,62.1952,7773.3247
1962-04-30,13476.7560023252,-2661.77770257177,7773.3247,62.1952,70.227554,12944.573
1962-05-31,12544.0180491635,-2553.03037677552,12944.573,70.227554,74.613266,13807.279
1962-06-30,6875,-5000,13807.279,74.613266,80.90708,19445.441
1962-07-31,5000,-10946.3795576501,19445.441,80.90708,85.5817,22841.248
1962-08-31,3500,-6503.82676748283,22841.248,85.5817,88.94933,25009.424
1962-09-30,3671.31706325053,-5491.60828326862,25009.424,88.94933,91.58089,25037.807
1962-10-31,35040.7688502306,-10081.2218091323,25037.807,91.58089,65.55873,4170.3696
1962-11-30,4500,-10187.1121151395,4170.3696,65.55873,76.87279,19615.682
1962-12-31,25392.6825231659,-5290.32258064516,19615.682,76.87279,68.55828,8311.921
1963-01-31,13536.5641413227,-4516.12903225806,8311.921,68.55828,69.6024,13468.456
1963-02-28,84083.780065411,-4033.03571428572,13468.456,69.6024,54.773136,2498.601
1963-03-31,24315.7199942921,-3500,2498.601,54.773136,61.865356,7218.389
1963-04-30,93626.0688182416,-3365.53038228563,7218.389,61.865356,53.764668,2504.6802
1963-05-31,25842.5906366764,-2387.99973882367,2504.6802,53.764668,61.574703,7065.1216
1963-06-30,9000,-5000,7065.1216,61.574703,73.96928,16046.061
1963-07-31,8325.26881722581,-10424.767116034,16046.061,73.96928,80.60972,18096.092
1963-08-31,4000,-10489.228126667,18096.092,80.60972,84.930374,23491.316
1963-09-30,5867.84733674559,-10011.2644224312,23491.316,84.930374,86.60249,22563.271
1963-10-31,5237.28285953307,-9021.34470490076,22563.271,86.60249,87.03566,23282.428
1963-11-30,19996.0327480467,-9014.96430556389,23282.428,87.03566,75.19489,11150.242
1963-12-31,4500,-8443.72678866345,11150.242,75.19489,79.99691,21708.7
1964-01-31,21836.9134563781,-3645.16129032258,21708.7,79.99691,71.88831,9899.125
1964-02-29,9259.68884411468,-4456.28331957553,9899.125,71.88831,73.76108,16607.684
1964-03-31,8539.05513684433,-3500,16607.684,73.76108,80.095345,17541.684
1964-04-30,10910.1415629789,-2087.02752198143,17541.684,80.095345,78.642204,16033.768
1964-05-31,9447.64081060766,-2557.28296415524,16033.768,78.642204,79.70449,16856.826
1964-06-30,7100,-5000,16856.826,79.70449,82.564995,20437.785
1964-07-31,5607.20828237999,-9444.00893305586,20437.785,82.564995,86.34877,21868.174
1964-08-31,4193.86698652324,-4953.49044079364,21868.174,86.34877,90.09228,23944.902
1964-09-30,3000,-5333.57429972546,23944.902,90.09228,92.10642,26342.107
1964-10-31,4270.76013039166,-4215.81975947729,26342.107,92.10642,92.35476,25627.62
1964-11-30,8210.20419245977,-6133.04308264368,25627.62,92.35476,88.48967,21246.482
1964-12-31,101928.522240429,-5290.32258064516,21246.482,88.48967,55.120296,2405.7517
1965-01-31,134929.772953633,-4516.12903225806,2405.7517,55.120296,52.129787,2147.2957
1965-02-28,36858.8125944382,-4464.28571428572,2147.2957,52.129787,58.221607,4622.5503
1965-03-31,14170.2958310351,-3500,4622.5503,58.221607,67.788246,12121.944
1965-04-30,44141.5929029954,-1454.90109409651,12121.944,67.788246,59.02982,3589.6724
1965-05-31,16188.1359583542,-2558.0670458697,3589.6724,59.02982,66.627304,10755.15
1965-06-30,6655.83786913676,-4158.43717182108,10755.15,66.627304,79.13488,19359.717
1965-07-31,11380.024548556,-10395.4134265977,19359.717,79.13488,79.366104,17383.945
1965-08-31,4325.26881722581,-10444.1018185573,17383.945,79.366104,83.07037,22741.06
1965-09-30,4479.60824569145,-8513.78764691245,22741.06,83.07037,87.09816,23708.877
1965-10-31,4000,-5214.93821915516,23708.877,87.09816,88.16806,24483.162
1965-11-30,14217.7263397017,-7770.01005035441,24483.162,88.16806,81.01641,15336.322
1965-12-31,6365.25873008377,-9284.41951914461,15336.322,81.01641,81.41349,20038.266
1966-01-31,32142.7548741579,-3645.16129032258,20038.266,81.41349,64.61666,5357.396
1966-02-28,27889.9023502647,-4033.03571428571,5357.396,64.61666,61.863148,6595.316
1966-03-31,20575.074009601,-3500,6595.316,61.863148,64.90932,9150.98
1966-04-30,12661.9675912013,-2180.46372112372,9150.98,64.90932,71.19972,14019.924
1966-05-31,9383.91100900475,-2057.55837219102,14019.924,71.19972,78.304344,16810.861
1966-06-30,7378.01820439697,-5000,16810.861,78.304344,82.28385,19669.66
1966-07-31,9207.21118103565,-11342.394047544,19669.66,82.28385,82.68718,19434.344
1966-08-31,4328.45592452529,-11008.062360777,19434.344,82.68718,86.77917,23663.771
1966-09-30,3282.04135139944,-5381.89514659886,23663.771,86.77917,90.42434,25146.652
1966-10-31,4000,-5257.91680960316,25146.652,90.42434,91.895004,24725.902
1966-11-30,8395.73687862808,-8090.48132434765,24725.902,91.895004,88.24859,21360.75
1966-12-31,36787.4677745419,-5290.32258064516,21360.75,88.24859,63.49846,5372.774
1967-01-31,58448.7470122269,-4516.12903225806,5372.774,63.49846,55.44366,3021.8105
1967-02-28,55250.4268124114,-4464.28571428571,3021.8105,55.44366,55.449963,3077.759
1967-03-31,56099.4228185463,-3500,3077.759,55.449963,55.36235,2957.7131
1967-04-30,58255.9382849887,-3526.27555692496,2957.7131,55.36235,55.173527,3023.687
1967-05-31,43024.9705053021,-1134.13480630468,3023.687,55.173527,57.259594,4214.768
1967-06-30,19076.9225335968,-5000,4214.768,57.259594,64.86525,9563.114
1967-07-31,8000,-7966.90639268211,9563.114,64.86525,76.47845,17421.373
1967-08-31,4325.26881722581,-10140.8772844321,17421.373,76.47845,84.5162,22853.246
1967-09-30,5057.46080071453,-9141.17920520561,22853.246,84.5162,86.08711,23487.879
1967-10-31,4043.31552599183,-9445.66876115406,23487.879,86.08711,87.73317,23629.795
1967-11-30,5976.83978246428,-8757.94036525828,23629.795,87.73317,89.84422,22303.469
1967-12-31,7220.21916047247,-6440.76367860739,22303.469,89.84422,87.74924,22159.287
1968-01-31,23398.9634812641,-3645.16129032258,22159.287,87.74924,71.76706,9573.905
1968-02-29,60823.1603429428,-4172.41379310345,9573.905,71.76706,55.939632,2929.8726
1968-03-31,33795.1025903761,-3500,2929.8726,55.939632,59.109478,4730.393
1968-04-30,10702.3000659078,-2449.729739397,4730.393,59.109478,71.21719,14482.162
1968-05-31,9136.81279945309,-2506.67549648677,14482.162,71.21719,79.67501,17745.23
1968-06-30,7835.54097730369,-5000.00000000001,17745.23,79.67501,83.51553,20212.018
1968-07-31,10426.2315847702,-11000.4041154459,20212.018,83.51553,81.473305,17692.295
1968-08-31,4000,-10297.8268634569,17692.295,81.473305,84.99441,22695.387
1968-09-30,3000,-5734.3896786705,22695.387,84.99441,89.28251,25717.77
1968-10-31,4000,-5973.13614604853,25717.77,89.28251,91.3667,24680.951
1968-11-30,6480.38844842123,-4860.51964230422,24680.951,91.3667,90.72413,22774.857
1968-12-31,22054.8605904744,-5290.32258064516,22774.857,90.72413,73.817795,9772.437
1969-01-31,152373.853372641,-4516.12903225806,9772.437,73.817795,52.535122,2053.763
1969-02-28,165755.405693934,2608.54099578731,2053.763,52.535122,51.96457,1840.6492
1969-03-31,63168.8351118011,-1135.4399033166,1840.6492,51.96457,54.585587,2878.0295
1969-04-30,46403.4552075682,-170.460447916794,2878.0295,54.585587,56.584774,3431.6184
1969-05-31,38979.601545414,2604.47783989376,3431.6184,56.584774,58.41903,4283.648
1969-06-30,14895.8021539257,-2540.03307536538,4283.648,58.41903,67.44078,12322.319
1969-07-31,8000,-7270.04696268405,12322.319,67.44078,78.240585,19605.85
1969-08-31,4325.26881722581,-10338.2939354834,19605.85,78.240585,84.523186,22864.951
1969-09-30,5057.07870143494,-8937.06542386636,22864.951,84.523186,86.104515,23467.834
1969-10-31,6246.2457084657,-8912.53021885604,23467.834,86.104515,85.58132,21911.5
1969-11-30,4906.311893519,-9322.41546207316,21911.5,85.58132,87.10464,23352.979
1969-12-31,55894.4585319528,-5290.32258064516,23352.979,87.10464,59.142555,2935.759
1970-01-31,233400.625363601,-1325.63158454986,2935.759,59.142555,50.357376,1393.0839
1970-02-28,83314.9851726342,-3868.28617733042,1393.0839,50.357376,53.343884,2349.5388
1970-03-31,36520.9429325441,-3500,2349.5388,53.343884,58.41582,4669.339
1970-04-30,14759.837578969,-2659.31961189083,4669.339,58.41582,67.50074,12135.584
1970-05-31,9763.59059955178,-2286.70117259599,12135.584,67.50074,76.76938,16100.225
1970-06-30,9375,-4962.84903328369,16100.225,76.76938,80.09204,17505.146
1970-07-31,9419.27878542259,-9982.95333917685,17505.146,80.09204,79.99709,18415.11
1970-08-31,4286.3591327722,-10821.5173987015,18415.11,79.99709,84.42437,23489.906
1970-09-30,4344.44444453333,-5109.07377078047,23489.906,84.42437,88.25161,24206.803
1970-10-31,4919.7807878419,-8790.47288340837,24206.803,88.25161,89.42684,23807.578
1970-11-30,13850.8249463652,-8435.66789957889,23807.578,89.42684,81.5478,15628.174
1970-12-31,68463.4214462831,-5290.32258064516,15628.174,81.5478,56.49022,2861.356
1971-01-31,53823.1760755009,-4516.12903225807,2861.356,56.49022,55.51966,3347.5376
1971-02-28,23699.6627320747,-4464.28571428571,3347.5376,55.51966,62.384773,7849.2783
1971-03-31,46005.3705517825,-3500,7849.2783,62.384773,57.753265,3474.6235
1971-04-30,21079.274984758,-2731.60087521934,3474.6235,57.753265,63.95106,9111.608
1971-05-31,19870.6969992141,-1966.8990183612,9111.608,63.95106,66.157776,9387.095
1971-06-30,6469.52293180599,-4999.99999999999,9387.095,66.157776,77.591515,18534.482
1971-07-31,11549.7951805463,-10695.1925907871,18534.482,77.591515,78.96756,15855.79
1971-08-31,4325.26881722581,-11226.5269876237,15855.79,78.96756,82.76875,23130.861
1971-09-30,5155.51001850283,-10158.270277797,23130.861,82.76875,86.24306,23527.182
1971-10-31,4000,-7897.21067822739,23527.182,86.24306,87.73745,23235.559
1971-11-30,4683.46418900966,-5036.83838157195,23235.559,87.73745,91.247505,23407.234
1971-12-31,17070.8808647892,-5290.32258064516,23407.234,91.247505,79.65573,12756.868
1972-01-31,12701.1369057498,-4516.12903225806,12756.868,79.65573,73.42163,16226.256
1972-02-29,16511.0143381926,-4172.41379310345,16226.256,73.42163,70.56338,11944.545
1972-03-31,22660.2117889501,-3500,11944.545,70.56338,65.26305,7455.0356
1972-04-30,14240.2806522517,-2160.9278377897,7455.0356,65.26305,69.705536,12400.103
1972-05-31,9318.06542189799,-2770.69857464191,12400.103,69.705536,77.5674,17820.238
1972-06-30,8000.36085361614,-5000,17820.238,77.5674,82.84016,20346.705
1972-07-31,10234.3641682611,-11051.1313319928,20346.705,82.84016,81.33883,17386.893
1972-08-31,4000,-7538.35890089184,17386.893,81.33883,84.82612,22629.135
1972-09-30,3000,-6771.05388033852,22629.135,84.82612,89.30036,25804.89
1972-10-31,4336.40974584358,-5916.66243681207,25804.89,89.30036,91.055046,24038.53
1972-11-30,11141.8021087879,-8267.36609915674,24038.53,91.055046,85.47783,17140.066
1972-12-31,25082.3519259071,-5290.32258064516,17140.066,85.47783,67.2826,7088.962
1973-01-31,88166.3916365251,-4516.12903225806,7088.962,67.2826,53.871876,2461.6616
1973-02-28,100729.996191991,-4033.03571428571,2461.6616,53.871876,53.00642,2318.3367
1973-03-31,61094.9999667577,-3500,2318.3367,53.00642,54.677555,2803.9604
1973-04-30,17009.455431472,-1699.9211708614,2803.9604,54.677555,65.04331,9803.867
1973-05-31,11456.7116673586,-2344.97418641505,9803.867,65.04331,74.25559,14328.518
1973-06-30,8652.0734652809,-5000,14328.518,74.25559,79.68681,18607.945
1973-07-31,11132.6734315813,-9553.39361601811,18607.945,79.68681,79.94231,17126.39
1973-08-31,4325.26881722581,-9465.03369425455,17126.39,79.94231,84.731575,22397.424
1973-09-30,5103.91694839702,-7425.2187311552,22397.424,84.731575,86.948265,23443.3
1973-10-31,4673.43247371816,-7175.9209380961,23443.3,86.948265,87.88555,24615.457
1973-11-30,51644.4236035393,-8546.47711954329,24615.457,87.88555,60.242195,3397.0347
1973-12-31,82159.9285069906,-5290.32258064516,3397.0347,60.242195,53.640846,2529.3972
1974-01-31,144715.223096,-4516.12903225806,2529.3972,53.640846,52.02583,2112.226
1974-02-28,47973.5883058351,-4464.28571428571,2112.226,52.02583,56.20227,3559.4355
1974-03-31,114273.889935015,-3500,3559.4355,56.20227,52.942745,2225.415
1974-04-30,61992.5718972393,-3995,2225.415,52.942745,54.614094,2878.7732
1974-05-31,17259.5913049428,-2281.58722420485,2878.7732,54.614094,65.23826,9997.862
1974-06-30,7010.4165,-4643.17128884144,9997.862,65.23826,77.99875,18356.902
1974-07-31,10468.75,-10119.4377258824,18356.902,77.99875,79.99164,17501.467
1974-08-31,4059.01798538426,-10137.5844049367,17501.467,79.99164,83.56157,23147.582
1974-09-30,5220.57330370773,-9984.16265240757,23147.582,83.56157,86.415405,23183.848
1974-10-31,4000,-7522.56283738346,23183.848,86.415405,87.755135,23652.312
1974-11-30,5246.64457410132,-6215.67644838217,23652.312,87.755135,90.57305,23287.271
1974-12-31,9995.84541656418,-6329.04116678402,23287.271,90.57305,86.51443,20082.607
1975-01-31,7140.05857397848,-5000,20082.607,86.51443,84.23756,21900.09
1975-02-28,69062.552134842,-4156.25,21900.09,84.23756,57.13972,2639.6545
1975-03-31,92170.4994474039,-3500,2639.6545,57.13972,53.3354,2386.1658
1975-04-30,31254.3972315459,-1373.73101698725,2386.1658,53.3354,59.684715,5715.509
1975-05-31,22683.472363035,-1978.82520775029,5715.509,59.684715,63.84309,8246.759
1975-06-30,9493.75,-5000.00000000001,8246.759,63.84309,74.08723,16148.237
1975-07-31,9699.95521513841,-10122.0944671787,16148.237,74.08723,79.96843,16805.223
1975-08-31,4392.50234235077,-10865.5254928088,16805.223,79.96843,84.98134,23177.87
1975-09-30,5793.25259547174,-8427.06039830227,23177.87,84.98134,86.4461,23209.482
1975-10-31,11309.7072002284,-9080.05740423744,23209.482,86.4461,80.35222,16399.168
1975-11-30,4617.71671587589,-9719.686662638,16399.168,80.35222,83.946335,21579.83
1975-12-31,5086.95893042319,-7016.07399199328,21579.83,83.946335,88.0106,23045.271
1976-01-31,5902.81449909409,-3803.67194284967,23045.271,88.0106,89.16112,23342.557
1976-02-29,7841.3794,-4820,23342.557,89.16112,87.26578,20451.094
1976-03-31,13227.610814429,-3851.10978202509,20451.094,87.26578,79.33108,13769.155
1976-04-30,8205.13752792377,-1522.57149944964,13769.155,79.33108,79.470825,18670.729
1976-05-31,4678.50265471564,-2171.52118295723,18670.729,79.470825,86.40054,22801.47
1976-06-30,4000,-4174.12846696234,22801.47,86.40054,89.76506,25548.094
1976-07-31,4000,-4097.87757045135,25548.094,89.76506,91.895195,24901.084
1976-08-31,3218.34978278409,-2280.7677563919,24901.084,91.895195,92.3095,26138.121
1976-09-30,3000,-4441.42732435305,26138.121,92.3095,93.234344,27160.812
1976-10-31,3679.93124543935,-3207.48200393665,27160.812,93.234344,93.66862,27036.332
1976-11-30,5347.59445109127,-2946.08039997191,27036.332,93.66862,92.96538,24466.443
1976-12-31,3980.8958916596,-2101.94479945446,24466.443,92.96538,93.53789,25658.697
1977-01-31,5378.27513967509,-2351.9805550033,25658.697,93.53789,92.00719,24318.55
1977-02-28,12186.4953983086,-264.93913275521,24318.55,92.00719,84.477615,16804.965
1977-03-31,6146.89796651826,-723.057421950671,16804.965,84.477615,82.63539,20357.13
1977-04-30,4000,-514.129878782839,20357.13,82.63539,88.76084,22667.918
1977-05-31,5073.37938769937,-1905.38539621107,22667.918,88.76084,90.849144,23030.426
1977-06-30,5218.94695471978,-3589.51432863364,23030.426,90.849144,89.44932,23951.73
1977-07-31,3000,-2760.58681812566,23951.73,89.44932,92.427315,26164.447
1977-08-31,3000,-2879.76951874724,26164.447,92.427315,93.77176,26381.818
1977-09-30,3500,-2952.1293423307,26381.818,93.77176,92.811134,25641.97
1977-10-31,3000,-1965.02998076016,25641.97,92.811134,93.950516,26907.033
1977-11-30,4998.11714738061,-1087.43680756712,26907.033,93.950516,93.83483,25912.283
1977-12-31,11639.7906266049,-5173.53028287092,25912.283,93.83483,85.29399,20271.11
1978-01-31,72634.285933562,-4516.12903225806,20271.11,85.29399,55.9521,2572.9446
1978-02-28,64214.9015594882,-4156.25,2572.9446,55.9521,54.447624,2835.2983
1978-03-31,67397.2616494029,-3500,2835.2983,54.447624,54.257145,2860.4006
1978-04-30,43206.8886665195,-90.0774558078515,2860.4006,54.257145,57.06102,4049.6616
1978-05-31,16192.5726243897,-3770,4049.6616,57.06102,66.46903,10742.462
1978-06-30,9797.38885839736,-5000,10742.462,66.46903,75.79928,15968.839
1978-07-31,12702.0319928327,-10511.7545134134,15968.839,75.79928,77.84511,14819.548
1978-08-31,4325.26881722581,-10516.5065114237,14819.548,77.84511,83.82997,22600.107
1978-09-30,5041.62234629832,-8004.88010542555,22600.107,83.82997,86.90316,23342.03
1978-10-31,4000.00000000001,-9510.45010897666,23342.03,86.90316,88.43487,23480.531
1978-11-30,5244.42203630865,-7426.2282664252,23480.531,88.43487,90.658195,22910.178
1978-12-31,6997.33638641503,-2719.0652816813,22910.178,90.658195,89.66294,22128.092
1979-01-31,21667.8474258492,-5000,22128.092,89.66294,73.651085,10020.164
1979-02-28,42105.1237053587,-4316.42857142857,10020.164,73.651085,58.765034,4363.4526
1979-03-31,28404.6583556461,-3935,4363.4526,58.765034,60.959946,6196.0303
1979-04-30,14673.4971522418,-1870.39649812146,6196.0303,60.959946,68.48211,11775.756
1979-05-31,13649.2090802495,-1653.39247264721,11775.756,68.48211,73.17865,13388.305
1979-06-30,8686.667,-5000,13388.305,73.17865,78.36839,17921.42
1979-07-31,5000,-9374.90602790643,17921.42,78.36839,84.215324,22506.33
1979-08-31,3722.50128547066,-6933.72126949607,22506.33,84.215324,87.94386,24562.559
1979-09-30,4568.58218941596,-7435.62473129146,24562.559,87.94386,90.04324,24588.455
1979-10-31,4573.04392342671,-6570.65741312803,24588.455,90.04324,90.5994,24680.895
1979-11-30,7301.7193358288,-7077.55585662826,24680.895,90.5994,89.18751,21722.076
1979-12-31,19463.8424896268,-5290.32258064516,21722.076,89.18751,73.35379,10241.107
1980-01-31,107702.862554592,-4516.12903225806,10241.107,73.35379,53.318546,2325.7947
1980-02-29,147216.074375793,795.278358604477,2325.7947,53.318546,52.009342,1964.7053
1980-03-31,57981.9082828267,-1812.89412160732,1964.7053,52.009342,54.974228,2991.1267
1980-04-30,22435.8402833047,-714.025550487497,2991.1267,54.974228,62.717327,7370.579
1980-05-31,12520.9472816349,-3725.04344637607,7370.579,62.717327,71.58368,13529.103
1980-06-30,9275.30550612391,-3179.04779391494,13529.103,71.58368,78.2267,17214.627
1980-07-31,8325.26881722581,-8032.57968216974,17214.627,78.2267,81.986786,19353.355
1980-08-31,4000,-9417.68299385008,19353.355,81.986786,86.65737,23460.406
1980-09-30,5155.40790275783,-5596.72954419566,23460.406,86.65737,88.58717,23616.656
1980-10-31,4000,-8651.24786571598,23616.656,88.58717,89.86107,24836.94
1980-11-30,4500,-5872.36470310449,24836.94,89.86107,91.72453,23884.816
1980-12-31,9884.17557591362,-4842.01468975503,23884.816,91.72453,85.99035,17479.879
1981-01-31,22548.4614503446,-3645.16129032258,17479.879,85.99035,69.65126,7907.222
1981-02-28,19107.4476661263,-4156.25,7907.222,69.65126,66.068596,9054.404
1981-03-31,22181.2782295329,-3935,9054.404,66.068596,64.975296,8468.35
1981-04-30,11984.0445966645,-1906.06854796125,8468.35,64.975296,71.63899,14504.859
1981-05-31,9285.2675036962,-2263.40527482925,14504.859,71.63899,78.94382,16323.999
1981-06-30,7100,-5000,16323.999,78.94382,82.61851,20080.1
1981-07-31,5703.802932562,-11168.6245079994,20080.1,82.61851,85.20066,22987.145
1981-08-31,3500,-4443.92504331251,22987.145,85.20066,89.04682,25001.594
1981-09-30,3407.6072491025,-5643.56589765063,25001.594,89.04682,91.65142,25432.139
1981-10-31,5052.08960089204,-5100.01953081172,25432.139,91.65142,91.060585,25154.42
1981-11-30,32631.7471311039,-9236.97898253575,25154.42,91.060585,66.969925,5678.0195
1981-12-31,103249.399873012,-5290.32258064516,5678.0195,66.969925,53.291927,2436.3296
1982-01-31,92878.507812484,-4516.12903225806,2436.3296,53.291927,52.923622,2379.0464
1982-02-28,112319.938519761,-4464.28571428571,2379.0464,52.923622,52.726875,2202.5671
1982-03-31,88602.6332579505,-3500,2202.5671,52.726875,53.26717,2493.6292
1982-04-30,132202.669326785,3120.57448914104,2493.6292,53.26717,52.465508,2135.3394
1982-05-31,30794.8605291991,-1134.55505612627,2135.3394,52.465508,59.94709,6237.0073
1982-06-30,9693.07401910099,-4423.75846387564,6237.0073,59.94709,72.46362,15324.479
1982-07-31,8437.5,-9653.46523668351,15324.479,72.46362,80.037285,18137.027
1982-08-31,4132.00380257737,-10728.2400353774,18137.027,80.037285,84.806175,22819.406
1982-09-30,13706.6823819688,-8517.88039616319,22819.406,84.806175,77.87851,15523.946
1982-10-31,22714.1646040342,-7007.62951936908,15523.946,77.87851,66.0418,7581.7974
1982-11-30,41628.8916260251,-4597.48704424737,7581.7974,66.0418,58.837524,3852.8867
1982-12-31,96225.3177164461,-1185.92730433812,3852.8867,58.837524,53.170166,2496.9998
1983-01-31,110097.209354951,4704.44100632833,2496.9998,53.170166,52.532944,2236.7754
1983-02-28,214217.284803442,12706.0747127113,2236.7754,52.532944,50.68551,1631.1497
1983-03-31,287614.544013674,20172.6539451292,1631.1497,50.68551,49.45441,984.7242
1983-04-30,86280.5671537708,3691.68056046488,984.7242,49.45441,53.35872,2360.7937
1983-05-31,62731.3575657381,4893.59552727106,2360.7937,53.35872,54.527847,2830.7703
1983-06-30,33638.4621959829,636.572788962735,2830.7703,54.527847,59.261124,5380.3354
1983-07-31,11010.6424236369,-8774.29654572099,5380.3354,59.261124,70.94916,15064.908
1983-08-31,7500,-8946.13856584453,15064.908,70.94916,80.05825,18770.938
1983-09-30,18148.6183350866,-8599.63639517295,18770.938,80.05825,71.63965,11309.267
1983-10-31,15336.5599796352,-6964.69790841883,11309.267,71.63965,69.54108,12369.257
1983-11-30,82574.7197747904,645.585219176765,12369.257,69.54108,54.84023,2408.7405
1983-12-31,200259.983413963,8802.66704276938,2408.7405,54.84023,50.60589,1657.337
1984-01-31,56509.2767890127,-3175.39649456389,1657.337,50.60589,55.289818,3231.1094
1984-02-29,37033.0147022112,-4482.75862068967,3231.1094,55.289818,58.511208,4475.2925
1984-03-31,34541.4058222187,-3500,4475.2925,58.511208,59.54619,4533.5767
1984-04-30,15703.8633525775,-2089.94108291362,4533.5767,59.54619,66.99753,10580.772
1984-05-31,11850.1054823542,-2199.67036641379,10580.772,66.99753,74.31764,14310.712
1984-06-30,8139.61754287183,-5000,14310.712,74.31764,79.93877,18917.49
1984-07-31,10916.160384712,-10738.2804180456,18917.49,79.93877,79.10952,17511.072
1984-08-31,4325.26881722581,-10320.1555055953,17511.072,79.10952,83.5049,22763.838
1984-09-30,5180.92671487556,-7955.4147599162,22763.838,83.5049,86.5416,23790.217
1984-10-31,4496.85511525746,-8175.86504486418,23790.217,86.5416,87.27124,24095.113
1984-11-30,21638.2796014235,-8831.28118879311,24095.113,87.27124,73.42662,9091.366
1984-12-31,21274.2676560016,-5290.32258064516,9091.366,73.42662,65.48998,7984.656
1985-01-31,8790.55733683474,-5000,7984.656,65.48998,75.283455,16694.156
1985-02-28,13055.87765168,-4625,16694.156,75.283455,75.98515,14160.696
1985-03-31,12703.2192937238,-3500,14160.696,75.98515,73.879524,14424.758
1985-04-30,9016.25372926048,-1963.33736423691,14424.758,73.879524,78.018135,17296.107
1985-05-31,10943.2674971569,-2221.2960646926,17296.107,78.018135,78.93857,15186.203
1985-06-30,7100.24994227532,-5000,15186.203,78.93857,81.64692,19854.002
1985-07-31,9239.67251639593,-9876.32987810792,19854.002,81.64692,82.86373,19587.75
1985-08-31,4000,-5357.08377038244,19587.75,82.86373,86.989006,23699.982
1985-09-30,3027.62986526435,-6988.80344970351,23699.982,86.989006,90.81449,25445.184
1985-10-31,4488.28286098882,-4244.58588787473,25445.184,90.81449,91.76905,25266.947
1985-11-30,7572.33275477174,-5340.42536140572,25266.947,91.76905,89.01261,23159.12
1985-12-31,8157.4310554133,-7996.26016523678,23159.12,89.01261,86.015495,21058.705
1986-01-31,25343.8747025554,-3645.16129032258,21058.705,86.015495,68.35631,7903.6553
1986-02-28,260406.271936474,13401.4928724516,7903.6553,68.35631,50.069485,1083.4216
1986-03-31,136152.203860033,2921.40115238846,1083.4216,50.069485,52.38301,2007.3763
1986-04-30,24086.1779686118,-498.726833181501,2007.3763,52.38301,61.727375,8082.5034
1986-05-31,13069.1524262692,-3413.55293953561,8082.5034,61.727375,70.54535,14047.799
1986-06-30,9371.4228044435,-4533.23900000001,14047.799,70.54535,77.73873,16799.998
1986-07-31,9402.25540383745,-10284.7405821441,16799.998,77.73873,79.74834,17035.162
1986-08-31,4000,-6225.33401591281,17035.162,79.74834,84.32781,23166.865
1986-09-30,4846.95207594872,-7768.26065771332,23166.865,84.32781,87.012314,23966.182
1986-10-31,4000,-5267.07723818933,23966.182,87.012314,89.364784,23841.295
1986-11-30,4501.09546730367,-5575.84594217976,23841.295,89.364784,92.27447,24265.879
1986-12-31,7720.24355394727,-3187.94517503368,24265.879,92.27447,89.950066,21709.531
1987-01-31,9450.18676122732,-5000,21709.531,89.950066,85.41807,20266.543
1987-02-28,19357.0269288869,-4316.42857142857,20266.543,85.41807,73.600426,11776.1045
1987-03-31,23308.0896360284,-3935,11776.1045,73.600426,64.77424,8005.6943
1987-04-30,12118.1028418543,-2430.71695357637,8005.6943,64.77424,71.405685,13875.62
1987-05-31,8988.06094148107,-2664.7255130334,13875.62,71.405685,79.117516,17986.713
1987-06-30,7100,-5000,17986.713,79.117516,82.70274,20970.309
1987-07-31,5000,-8156.00318154643,20970.309,82.70274,85.7645,23239.096
1987-08-31,3500,-4379.38772180631,23239.096,85.7645,89.96218,24885.045
1987-09-30,3000,-4579.99332745289,24885.045,89.96218,92.408,26548.484
1987-10-31,4147.45497682369,-3973.04866283628,26548.484,92.408,92.590416,26139.17
1987-11-30,5525.9287728388,-3075.04311294677,26139.17,92.590416,91.67872,25044.572
1987-12-31,15209.277011004,-5290.32258064517,25044.572,91.67872,80.56717,13756.169
1988-01-31,24455.1835215279,-4516.12903225806,13756.169,80.56717,65.98974,7791.8604
1988-02-29,18745.69,-3897.76837909897,7791.8604,65.98974,66.11676,10039.493
1988-03-31,8174.5967,-2287.88925520197,10039.493,66.11676,76.05751,17063.36
1988-04-30,8529.20357708411,-1146.45257255041,17063.36,76.05751,81.04476,18840.75
1988-05-31,7100,-1906.53429107588,18840.75,81.04476,83.08668,19405.498
1988-06-30,7100,-2777.45907705926,19405.498,83.08668,84.28413,21577.668
1988-07-31,4000,-4473.78915901497,21577.668,84.28413,87.938446,24624.326
1988-08-31,3000,-3429.00876392166,24624.326,87.938446,91.731476,26289.168
1988-09-30,3000,-4472.59576170631,26289.168,91.731476,93.14818,26795.521
1988-10-31,3339.12355643157,-1293.34788070582,26795.521,93.14818,94.01041,26954.262
1988-11-30,6475.16312181677,-4997.57304222576,26954.262,94.01041,91.62422,24332.38
1988-12-31,7520.52508476229,-4159.70429820956,24332.38,91.62422,88.33945,21399.541
1989-01-31,7450.46414024329,-5000,21399.541,88.33945,86.95711,20415.475
1989-02-28,11893.419065649,-607.726734824308,20415.475,86.95711,81.97649,15801.122
1989-03-31,46300.7602905525,-4625,15801.122,81.97649,59.52519,3567.317
1989-04-30,19216.1309688748,-2252.37024942691,3567.317,59.52519,64.580925,9539.702
1989-05-31,11441.1621134058,-2832.45850674041,9539.702,64.580925,73.503654,13738.521
1989-06-30,7100,-5000,13738.521,73.503654,81.18339,18797.662
1989-07-31,5000,-9316.46726726519,18797.662,81.18339,85.32252,22839.463
1989-08-31,3500,-4293.29299551114,22839.463,85.32252,88.74979,24945.568
1989-09-30,5108.40456356923,-8893.48380750209,24945.568,88.74979,90.002335,23476.05
1989-10-31,5175.78603732643,-6820.33342943669,23476.05,90.002335,88.57681,23341.064
1989-11-30,4793.79247645946,-4292.76586948853,23341.064,88.57681,90.68692,24214.184
1989-12-31,5502.52656681325,-2218.37070486376,24214.184,90.68692,90.893105,23434.174
1990-01-31,15762.1302732933,-3645.16129032258,23434.174,90.893105,80.347145,12419.376
1990-02-28,11839.5177688962,-4379.46094022806,12419.376,80.347145,74.08903,14333.206
1990-03-31,8309.73441879651,-3853.81255096502,14333.206,74.08903,79.281235,18143.516
1990-04-30,5623.41863762917,-653.436973186727,18143.516,79.281235,84.159035,21521.428
1990-05-31,8003.73301755429,-1835.33971172876,21521.428,84.159035,85.277756,19784.238
1990-06-30,3000,-1513.57132672587,19784.238,85.277756,89.1273,24495.475
1990-07-31,3000,-1915.26897953499,24495.475,89.1273,92.941696,26196.38
1990-08-31,3000,-1874.19867998817,26196.38,92.941696,93.495926,27102.906
1990-09-30,3500,-2832.40240886174,27102.906,93.495926,92.76397,26060
1990-10-31,3000,-3200.07121738645,26060,92.76397,94.05256,26600.857
1990-11-30,4883.24756416646,-2174.43383796849,26600.857,94.05256,93.8439,26387.236
1990-12-31,8251.10698682295,-681.748498367459,26387.236,93.8439,89.634605,22642.807
1991-01-31,4500,-2127.83939262981,22642.807,89.634605,90.09292,24871.3
1991-02-28,8142.28692793449,-3131.45756411255,24871.3,90.09292,87.92202,21887.184
1991-03-31,32459.6666655305,-4625,21887.184,87.92202,65.08961,5137.1167
1991-04-30,7840.96471205633,-1675.44321548576,5137.1167,65.08961,73.73692,15770.139
1991-05-31,5158.53140509988,-2050.35075252076,15770.139,73.73692,85.8179,20951.06
1991-06-30,3000,-1762.65746512537,20951.06,85.8179,89.71448,24951.838
1991-07-31,3000,-2074.7208277266,24951.838,89.71448,92.74554,26130.594
1991-08-31,3000,-2015.16081640154,26130.594,92.74554,93.277565,26495.936
1991-09-30,3496.36371493585,-2617.93144955571,26495.936,93.277565,93.000534,26442.756
1991-10-31,3000,-2838.47378200055,26442.756,93.000534,94.06196,26579.01
1991-11-30,5691.2240568046,-1252.11850704157,26579.01,94.06196,92.79424,24211.09
1991-12-31,6174.68425413712,-2443.78121981318,24211.09,92.79424,91.10599,24926.92
1992-01-31,6985.9168213054,-4023.88606958122,24926.92,91.10599,88.94062,22422.936
1992-02-29,37426.9595722741,-4445.51724137931,22422.936,88.94062,64.49098,4943.991
1992-03-31,17950.4786728545,-4625,4943.991,64.49098,65.236916,9313.756
1992-04-30,7099.99999999999,-1601.81573608868,9313.756,65.236916,77.778694,16948.703
1992-05-31,4012.65985276867,-2043.05974966869,16948.703,77.778694,87.11539,22028.139
1992-06-30,3000,-1639.22147520662,22028.139,87.11539,90.57082,25212.266
1992-07-31,3000,-2090.96055800733,25212.266,90.57082,93.349915,26577.203
1992-08-31,3000,-2009.83607726432,26577.203,93.349915,93.44439,26570.787
1992-09-30,3902.99999999998,-2925.80733437894,26570.787,93.44439,92.81625,25799.59
1992-10-31,3000,-3565.73704738902,25799.59,92.81625,93.87122,26787.154
1992-11-30,5435.32182081255,-1248.77659203298,26787.154,93.87122,92.96251,25115.887
1992-12-31,14926.845915806,-5290.32258064516,25115.887,92.96251,81.15565,14581.99
1993-01-31,74555.578598739,-4516.12903225806,14581.99,81.15565,55.3994,2559.145
1993-02-28,64026.7064527932,-4033.03571428571,2559.145,55.3994,54.491703,2821.0835
1993-03-31,67963.3247056208,-3500,2821.0835,54.491703,54.273247,2902.4636
1993-04-30,32746.2047507242,-2181.13006239008,2902.4636,54.273247,59.464306,5366.4907
1993-05-31,21255.2064134738,-3007.65667556552,5366.4907,59.464306,64.34141,8164.2554
1993-06-30,13766.7900371554,-5000,8164.2554,64.34141,70.40955,13275.452
1993-07-31,8864.09642555373,-10912.0194498446,13275.452,70.40955,79.71161,18036.65
1993-08-31,4132.00392464768,-10693.2818412898,18036.65,79.71161,85.62221,23662.338
1993-09-30,5470.63634253623,-7597.41220498269,23662.338,85.62221,87.412315,22954.66
1993-10-31,4248.6619487032,-9678.40504143206,22954.66,87.412315,89.45655,23966.121
1993-11-30,6495.97988997356,-8036.02473712367,23966.121,89.45655,89.26558,22525.764
1993-12-31,10009.0129264568,-6778.67960894214,22525.764,89.26558,84.75572,20166.484
1994-01-31,7973.72831274487,-5000,20166.484,84.75572,83.52343,20658.584
1994-02-28,21727.1044649503,-4316.42857142857,20658.584,83.52343,70.359024,10045.516
1994-03-31,9926.60488920101,-3935,10045.516,70.359024,73.96996,15382.673
1994-04-30,10223.5480470581,-1789.43690578735,15382.673,73.96996,78.757126,17205.947
1994-05-31,7298.57358782636,-2120.61431497251,17205.947,78.757126,82.082535,19821.025
1994-06-30,7100,-5000,19821.025,82.082535,83.78957,20302.66
1994-07-31,4000,-6130.04496254398,20302.66,83.78957,87.36182,23277.832
1994-08-31,3000,-3858.98488225612,23277.832,87.36182,91.15266,25902.105
1994-09-30,3000,-3899.57082325021,25902.105,91.15266,92.779945,26512.043
1994-10-31,3315.14105555089,-2794.27436873336,26512.043,92.779945,93.89098,26236.666
1994-11-30,7921.76314951025,-1904.51129915201,26236.666,93.89098,90.49192,22152.855
1994-12-31,6854.02320724019,-9710.33696607465,22152.855,90.49192,87.27862,21705.371
1995-01-31,146025.33172948,-3645.16129032258,21705.371,87.27862,53.201588,2073.8281
1995-02-28,64193.7975246119,-4464.28571428571,2073.8281,53.201588,54.423542,2811.7717
1995-03-31,203643.955128296,-3447.54856840491,2811.7717,54.423542,51.580708,1734.7291
1995-04-30,63426.4634809919,-3995,1734.7291,51.580708,54.597305,2746.8518
1995-05-31,70692.0883234882,149.238092614692,2746.8518,54.597305,54.003704,2617.4575
1995-06-30,25676.6783142262,-4232.8800736305,2617.4575,54.003704,61.632618,7563.6733
1995-07-31,8396.7065668149,-9524.54988583175,7563.6733,61.632618,74.65014,17524.035
1995-08-31,4325.26881722581,-10601.6871310265,17524.035,74.65014,84.174774,22646.896
1995-09-30,6146.98698556942,-9682.42403978856,22646.896,84.174774,85.13038,22252.58
1995-10-31,4000,-9960.37438676848,22252.58,85.13038,87.08194,23557.902
1995-11-30,5461.31443060311,-9580.87660862705,23557.902,87.08194,90.49084,22539.643
1995-12-31,28526.2685531095,-5290.32258064516,22539.643,90.49084,67.87253,6298.93
1996-01-31,50209.979990462,-4516.12903225806,6298.93,67.87253,56.801266,3306.0513
1996-02-29,147475.188309765,-3744.24723422478,3306.0513,56.801266,52.041405,2085.633
1996-03-31,73912.6811567906,-3500,2085.633,52.041405,53.767715,2569.8494
1996-04-30,36467.0793623182,-1024.16902603205,2569.8494,53.767715,58.2453,4210.821
1996-05-31,45539.7040195906,-1312.83223274472,4210.821,58.2453,57.170452,3616.2234
1996-06-30,7383.75,-4881.76330570742,3616.2234,57.170452,73.28476,17074.432
1996-07-31,8547.16615276709,-10868.0128543505,17074.432,73.28476,81.77293,19134.766
1996-08-31,4000,-10769.8144778331,19134.766,81.77293,84.73184,23592.635
1996-09-30,5617.72813171675,-9457.99988185353,23592.635,84.73184,86.82178,22706.662
1996-10-31,4445.50736058987,-9831.92819843579,22706.662,86.82178,88.21739,23385.756
1996-11-30,10227.7305084306,-8714.82503320165,23385.756,88.21739,85.38128,18876.299
1996-12-31,116694.818603448,-1925.29891371495,18876.299,85.38128,53.952297,2288.4756
1997-01-31,301919.5559403,25602.8916275012,2288.4756,53.952297,48.88574,836.86676
1997-02-28,74773.5203793168,3518.12238439826,836.86676,48.88574,53.849766,2720.8108
1997-03-31,20996.1364292524,-3500,2720.8108,53.849766,63.05791,8119.3237
1997-04-30,14125.1224654105,-1565.6691987418,8119.3237,63.05791,69.92142,12755.351
1997-05-31,10522.913661003,-2370.24797031316,12755.351,69.92142,76.66438,15707.876
1997-06-30,9611.78650739538,-4549.68438075927,15707.876,76.66438,79.37832,16893.885
1997-07-31,10336.8309554512,-10817.212875473,16893.885,79.37832,78.92886,16794.217
1997-08-31,4000,-11127.6495585425,16794.217,78.92886,83.98809,23056.37
1997-09-30,4578.90461020959,-6934.18712458936,23056.37,83.98809,87.12078,23824.416
1997-10-31,4000,-7009.9438952205,23824.416,87.12078,88.26167,23230.23
1997-11-30,7851.55107680559,-8526.45070555733,23230.23,88.26167,87.917206,20558.56
1997-12-31,16053.6594035353,-5290.32258064516,20558.56,87.917206,76.16688,12833.641
1998-01-31,97863.6063449505,-4516.12903225806,12833.641,76.16688,53.975227,2447.6604
1998-02-28,297226.956172004,3721.07579642455,2447.6604,53.975227,49.06373,892.4152
1998-03-31,97841.448306132,-3500,892.4152,49.06373,52.94908,2321.6418
1998-04-30,49275.8503816166,-2921.68410517921,2321.6418,52.94908,55.931065,3371.069
1998-05-31,65953.0106907495,71.088193351823,3371.069,55.931065,54.33437,2797.4001
1998-06-30,48142.2613272769,-1947.84650588662,2797.4001,54.33437,56.01078,3489.815
1998-07-31,13094.4092551953,-8155.98056598896,3489.815,56.01078,68.2031,13024.428
1998-08-31,9243.02436534311,-9422.22918545359,13024.428,68.2031,77.295204,17004.068
1998-09-30,15401.1382396246,-8143.93838862109,17004.068,77.295204,73.05183,12401.704
1998-10-31,12489.4410662617,-8843.88321208955,12401.704,73.05183,73.26547,14038.442
1998-11-30,26310.6734767478,-8769.20434862587,14038.442,73.26547,65.28135,6769.594
1998-12-31,34523.6642310326,-5290.32258064516,6769.594,65.28135,60.261215,4818.989
1999-01-31,41946.252921527,-4516.12903225806,4818.989,60.261215,58.094097,4386.626
1999-02-28,129575.572662126,-4033.03571428571,4386.626,58.094097,52.513325,2152.9934
1999-03-31,68810.0659536013,-3500,2152.9934,52.513325,54.029495,2654.5623
1999-04-30,23482.9411280008,-2359.58334493838,2654.5623,54.029495,62.11614,6921.761
1999-05-31,15008.0857105776,-2057.49290205302,6921.761,62.11614,69.183784,11419.877
1999-06-30,7562.5,-5000,11419.877,69.183784,78.50447,18514.19
1999-07-31,10156.25,-10456.8498563548,18514.19,78.50447,79.99932,17646.404
1999-08-31,4226.55880158017,-9786.45504327207,17646.404,79.99932,83.78215,22598.537
1999-09-30,4352.21987926068,-9942.11586824014,22598.537,83.78215,87.301956,24096.822
1999-10-31,4051.5577239316,-7503.10492358635,24096.822,87.301956,89.79082,24535.979
1999-11-30,7152.91116974306,-6753.36549924862,24535.979,89.79082,89.58956,22549.748
1999-12-31,7063.40361503862,-6271.18173209257,22549.748,89.58956,86.54158,20476.514
2000-01-31,27802.6933845807,-3645.16129032258,20476.514,86.54158,66.717964,6424.948
2000-02-29,137812.791208917,-4172.41379310345,6424.948,66.717964,52.426258,2112.7961
2000-03-31,85114.5310905397,-3500,2112.7961,52.426258,53.31119,2598.3547
2000-04-30,20031.2411334031,-1114.55337855873,2598.3547,53.31119,63.200855,8526.394
2000-05-31,13180.0788113796,-2122.81662481084,8526.394,63.200855,71.436935,12899.734
2000-06-30,7510.65120661343,-5000,12899.734,71.436935,79.68271,18481.701
2000-07-31,11702.1155387886,-9881.30279280796,18481.701,79.68271,79.8752,16865.604
2000-08-31,4325.26881722581,-9724.10713941767,16865.604,79.8752,84.72304,22652.143
2000-09-30,4667.95300016464,-7676.4351449263,22652.143,84.72304,87.48196,23634.787
2000-10-31,5284.46329446168,-8451.37018518207,23634.787,87.48196,87.27099,23015.441
2000-11-30,4500,-6206.32313928554,23015.441,87.27099,90.335236,23432.229
2000-12-31,6718.09711473329,-3288.15370374087,23432.229,90.335236,90.16861,22210.85
2001-01-31,13093.7934973087,-5000,22210.85,90.16861,82.57342,15010.131
2001-02-28,24184.2090272445,-4316.42857142857,15010.131,82.57342,66.41667,7497.384
2001-03-31,21259.4484291319,-3935,7497.384,66.41667,64.73788,8188.1675
2001-04-30,11023.0313782526,-2012.72094129415,8188.1675,64.73788,72.88433,15877.022
2001-05-31,10358.4948712279,-2261.4839579166,15877.022,72.88433,78.483086,16538.28
2001-06-30,7100,-4167.46073296041,16538.28,78.483086,81.89485,19837.857
2001-07-31,5000,-5046.1507104464,19837.857,81.89485,85.71417,23107.482
2001-08-31,3500,-3669.07912954395,23107.482,85.71417,89.67614,25722.47
2001-09-30,3042.89727122665,-5189.61848175201,25722.47,89.67614,92.296646,26369.887
2001-10-31,4075.55685989207,-3949.72865518227,26369.887,92.296646,92.633804,25328.145
2001-11-30,7092.07171115483,-5686.47335654525,25328.145,92.633804,89.92843,22582.223
2001-12-31,39941.8577332922,-5290.32258064516,22582.223,89.92843,62.943684,4729.6187
2002-01-31,47246.0998814859,-4516.12903225806,4729.6187,62.943684,56.915478,3724.9724
2002-02-28,17891.3966911156,-4156.25,3724.9724,56.915478,64.86418,10363.736
2002-03-31,18130.0068678433,-3500,10363.736,64.86418,67.46329,9915.431
2002-04-30,10187.9805229855,-2415.49851787644,9915.431,67.46329,74.46742,15486.567
2002-05-31,10203.4701058849,-1902.79913204317,15486.567,74.46742,79.057724,17085.65
2002-06-30,7100,-5000,17085.65,79.057724,81.95418,20424.752
2002-07-31,8390.6578847758,-9315.0155278726,20424.752,81.95418,83.34146,19669.232
2002-08-31,4000,-5554.91066415061,19669.232,83.34146,87.6137,23761.355
2002-09-30,3010.92861331475,-5556.98640347591,23761.355,87.6137,91.306,26464.041
2002-10-31,4000,-4099.69289202863,26464.041,91.306,92.39916,25500.451
2002-11-30,6180.94799345878,-5028.57787521019,25500.451,92.39916,91.054794,23518.496
2002-12-31,42276.2189181392,-5290.32258064516,23518.496,91.054794,63.068794,3453.731
2003-01-31,59491.9020832505,-4516.12903225806,3453.731,63.068794,55.385605,2989.8352
2003-02-28,23009.1859418706,-4033.03571428571,2989.8352,55.385605,62.3986,7769.0493
2003-03-31,20711.8349903129,-3500,7769.0493,62.3986,65.25246,8102.376
2003-04-30,33314.6908906337,-2292.33137000986,8102.376,65.25246,60.87892,4400.126
2003-05-31,33366.4740912585,-1987.66405004674,4400.126,60.87892,60.22186,4719.3335
2003-06-30,7747.5,-5000,4719.3335,60.22186,74.10981,17096.178
2003-07-31,11031.2696668319,-10254.0035016488,17096.178,74.10981,79.374504,17047.39
2003-08-31,4325.26881722581,-11097.4410271665,17047.39,79.374504,84.46215,22828.002
2003-09-30,5033.17234495031,-8610.73126277717,22828.002,84.46215,87.09847,23621.545
2003-10-31,4000,-5613.82370063288,23621.545,87.09847,88.49909,24392.145
2003-11-30,5859.92981162035,-5816.19006876701,24392.145,88.49909,89.87412,23863.432
2003-12-31,33482.1470440359,-5290.32258064516,23863.432,89.87412,66.58789,5050.2085
2004-01-31,36741.7233636564,-4516.12903225806,5050.2085,66.58789,59.22912,4236.0264
2004-02-29,99471.9383876459,-4172.41379310345,4236.0264,59.22912,53.304783,2369.3298
2004-03-31,47348.7664793543,-3500,2369.3298,53.304783,56.350063,3445.3228
2004-04-30,14304.3066216016,-2513.55143893465,3445.3228,56.350063,67.07249,11504.513
2004-05-31,9308.4840931106,-1965.21135649028,11504.513,67.07249,77.4025,15844.897
2004-06-30,9561.59239238219,-4689.43333331279,15844.897,77.4025,80.26252,17448.299
2004-07-31,11126.2204808928,-11410.2368384989,17448.299,80.26252,79.90131,16441.807
2004-08-31,5179.91295895693,-11534.6247302718,16441.807,79.90131,84.284134,21531.951
2004-09-30,4344.44444453333,-4984.86786787727,21531.951,84.284134,87.024185,22633.877
2004-10-31,5770.71550675594,-8366.77490962963,22633.877,87.024185,86.98437,27438.73
2004-11-30,4500,-6699.03069504568,27438.73,86.98437,89.8451,23653.738
2004-12-31,17899.7936447651,-5290.32258064516,23653.738,89.8451,78.4405,12329.331
2005-01-31,40908.4948967607,-4516.12903225806,12329.331,78.4405,59.50139,4209.7573
2005-02-28,29435.4320798449,-4156.25,4209.7573,59.50139,60.892,5749.6875
2005-03-31,39741.9591989834,-3500,5749.6875,60.892,58.65523,4341.5093
2005-04-30,25343.2921422412,-559.859696402051,4341.5093,58.65523,62.47191,7635.6436
2005-05-31,55056.6002015308,-3443.15382008647,7635.6436,62.47191,56.331432,3158.0073
2005-06-30,19013.159383868,-5000,3158.0073,56.331432,64.606285,9590.877
2005-07-31,6500,-8859.5954708478,9590.877,64.606285,79.80092,19143.676
2005-08-31,4000,-10854.9071553742,19143.676,79.80092,86.585335,23675.553
2005-09-30,4683.33959418554,-9660.36457813384,23675.553,86.585335,88.139145,23581.912
2005-10-31,4000,-8147.25610861269,23581.912,88.139145,90.0305,23538.848
2005-11-30,4941.00659333239,-8547.42018463656,23538.848,90.0305,91.204506,22793.906
2005-12-31,91821.3578449107,-5290.32258064516,22793.906,91.204506,56.443222,2412.59
2006-01-31,139836.779500209,-4516.12903225806,2412.59,56.443222,52.45638,2113.764
2006-02-28,61175.3487720305,-4464.28571428572,2113.764,52.45638,54.66007,2921.867
2006-03-31,134052.470556568,-911.386571621402,2921.867,54.66007,52.479847,2115.1155
2006-04-30,147417.129714001,2806.85650696331,2115.1155,52.479847,52.187557,1981.1442
2006-05-31,49426.4357349504,4731.88257049279,1981.1442,52.187557,56.15439,3530.9812
2006-06-30,11331.65,-4106.01665274926,3530.9812,56.15439,69.42067,14334.755
2006-07-31,8000,-7754.70760568586,14334.755,69.42067,79.43513,18752.207
2006-08-31,4325.26881722581,-10467.8234253041,18752.207,79.43513,84.730545,22386.588
2006-09-30,7049.3499937546,-9209.24699825434,22386.588,84.730545,84.49314,21219.783
2006-10-31,4169.70764776503,-9219.91716883239,21219.783,84.49314,86.22298,23161.59
2006-11-30,5358.27489083439,-9354.8936828277,23161.59,86.22298,89.7389,23039.803
2006-12-31,17065.9450097815,-5290.32258064516,23039.803,89.7389,78.41456,12123.417
2007-01-31,6568.58640237513,-5000,12123.417,78.41456,79.57642,21206.998
2007-02-28,30196.9140449425,-4156.25,21206.998,79.57642,65.843506,6456.138
2007-03-31,13350.3797615927,-3500,6456.138,65.843506,68.84662,12634.453
2007-04-30,10612.4998008048,-2176.26810502593,12634.453,68.84662,76.29708,15212.622
2007-05-31,9600.35855836837,-2501.56404419602,15212.622,76.29708,79.19298,16657.389
2007-06-30,7159.20789763715,-5000,16657.389,79.19298,82.303116,20418.004
2007-07-31,9590.75562916115,-11072.3178109993,20418.004,82.303116,82.433586,19460.365
2007-08-31,4043.96498865458,-11768.880261712,19460.365,82.433586,86.67229,23503.33
2007-09-30,4125.33497621244,-6343.15080530025,23503.33,86.67229,89.572586,24731.998
2007-10-31,4000,-5575.39260943458,24731.998,89.572586,91.56487,25460.11
2007-11-30,5044.10315530727,-3140.38689457206,25460.11,91.56487,92.13138,25298.348
2007-12-31,7910.89328302918,-3336.75482237235,25298.348,92.13138,88.75546,19653.639
2008-01-31,28197.9158078612,-3645.16129032258,19653.639,88.75546,67.38002,5457.733
2008-02-29,23969.7052477021,-4172.41379310345,5457.733,67.38002,63.432293,6635.822
2008-03-31,14280.3887436351,-3935,6635.822,63.432293,69.15573,12032.549
2008-04-30,9971.2757385003,-2381.97139014368,12032.549,69.15573,76.438835,15765.995
2008-05-31,9346.12277682615,-794.764660591264,15765.995,76.438835,79.9011,16453.318
2008-06-30,7100,-4979.72615283193,16453.318,79.9011,82.58547,20206.99
2008-07-31,5000,-5443.42142607612,20206.99,82.58547,86.15075,24000.973
2008-08-31,3840.93261763129,-3333.3226256553,24000.973,86.15075,90.3307,25459.271
2008-09-30,3018.97200073812,-4665.67044453512,25459.271,90.3307,92.45093,26434.512
2008-10-31,4000,-2026.58538074598,26434.512,92.45093,92.6112,25251.506
2008-11-30,5740.81623203345,-2396.22878388304,25251.506,92.6112,92.145645,24246.621
2008-12-31,6427.71844938341,-2682.21035398001,24246.621,92.145645,90.02839,23358.87
2009-01-31,7795.1948502105,-2425.77691934462,23358.87,90.02839,87.714325,20834.982
2009-02-28,27219.3116207899,-4427.32142857143,20834.982,87.714325,68.873825,6905.606
2009-03-31,24661.6186019526,-3935,6905.606,68.873825,63.09737,6782.263
2009-04-30,16199.5096424462,-2535.49304589165,6782.263,63.09737,67.88929,11709.079
2009-05-31,8723.80622296533,-1907.13693692274,11709.079,67.88929,77.26353,17614.172
2009-06-30,9511.667,-5000,17614.172,77.26353,80.49496,17181.094
2009-07-31,5000,-5749.80364498196,17181.094,80.49496,83.93565,21455.094
2009-08-31,3500,-3623.21055258309,21455.094,83.93565,88.73095,25030.256
2009-09-30,3000,-4767.29557740998,25030.256,88.73095,91.73431,26393.926
2009-10-31,4397.68602845353,-5172.64626946226,26393.926,91.73431,92.096855,23838.73
2009-11-30,4500,-3413.11887427358,23838.73,92.096855,92.81042,24233.879
2009-12-31,6618.64985211595,-4060.10860061612,24233.879,92.81042,91.16379,22883.053
2010-01-31,30119.4907085059,-3645.16129032258,22883.053,91.16379,68.12548,5538.6353
2010-02-28,31524.9607531093,-4156.25,5538.6353,68.12548,60.708263,5930.6567
2010-03-31,19608.3469116427,-3500,5930.6567,60.708263,64.92562,8684.724
2010-04-30,27904.0895946295,-1580.14907971481,8684.724,64.92562,62.911186,6183.8433
2010-05-31,20064.7646945763,-2045.91495579544,6183.8433,62.911186,65.48652,9171.249
2010-06-30,9296.44212836831,-5000,9171.249,65.48652,74.965866,16962.404
2010-07-31,6500,-9634.30759219189,16962.404,74.965866,83.12206,20317.307
2010-08-31,4874.13884102124,-10558.7543256951,20317.307,83.12206,86.18344,22729.283
2010-09-30,4319.99553971475,-9059.32224839994,22729.283,86.18344,87.911705,24328.639
2010-10-31,9104.90573364274,-9404.16737629136,24328.639,87.911705,84.7026,19210.123
2010-11-30,7410.31588115447,-9099.8789235652,19210.123,84.7026,83.88182,20457.541
2010-12-31,70332.1571087436,-5290.32258064516,20457.541,83.88182,56.805088,2656.7576
2011-01-31,34872.3306482601,-4516.12903225806,2656.7576,56.805088,58.995342,5507.4595
2011-02-28,42164.3448409499,-1764.21187350454,5507.4595,58.995342,57.9589,4073.9614
2011-03-31,141815.441197928,2636.27003879011,4073.9614,57.9589,52.464516,2033.5409
2011-04-30,48053.0334837192,-3823.98565399243,2033.5409,52.464516,56.25516,3417.168
2011-05-31,39908.4086025122,-1198.22641196635,3417.168,56.25516,58.04412,3911.0588
2011-06-30,31749.8311202519,-5000,3911.0588,58.04412,60.44554,5517.157
2011-07-31,9038.59931899642,-9689.75667864344,5517.157,60.44554,72.94249,17270.31
2011-08-31,5762.76069564201,-9783.45159567197,17270.31,72.94249,82.72662,20432.875
2011-09-30,7157.01145241659,-8821.80041353073,20432.875,82.72662,83.247955,20243.66
2011-10-31,7934.06242411441,-8894.99017872082,20243.66,83.247955,82.61377,19792.271
2011-11-30,4975.48130187218,-9369.23363855064,19792.271,82.61377,85.6704,22986.643
2011-12-31,4635.38222703722,-5611.02493897761,22986.643,85.6704,89.76198,23138.797
2012-01-31,10494.068559695,-5000,23138.797,89.76198,86.01902,18130.932
2012-02-29,10889.655,-4433.2554187549,18130.932,86.01902,81.528,15698.049
2012-03-31,27630.9130780419,-3935,15698.049,81.528,64.96673,6264.1
2012-04-30,21874.5735396071,-2066.0430684312,6264.1,64.96673,64.275894,8125.911
2012-05-31,11736.2270835952,-2324.96664922497,8125.911,64.275894,72.30493,13949.132
2012-06-30,7100,-5000,13949.132,72.30493,81.015945,19010.52
2012-07-31,8981.81298241681,-11243.2033115464,19010.52,81.015945,82.32299,18900.906
2012-08-31,4000,-10796.6049722229,18900.906,82.32299,86.37308,23367.963
2012-09-30,3519.99139597174,-6610.33567400242,23367.963,86.37308,89.283165,24982.51
2012-10-31,4000,-6351.91908925638,24982.51,89.283165,91.46183,24039.902
2012-11-30,6253.43118647821,-5881.73482421279,24039.902,91.46183,90.64438,23241.498
2012-12-31,65374.3958812926,-5290.32258064516,23241.498,90.64438,58.4091,2680.3257
2013-01-31,19587.4006591539,-4516.12903225806,2680.3257,58.4091,63.84968,9611.056
2013-02-28,17129.465,-4475,9611.056,63.84968,67.81341,10365.888
2013-03-31,8696.90131696073,-3500,10365.888,67.81341,76.27658,16860.547
2013-04-30,10606.723205199,-1879.33753428996,16860.547,76.27658,79.21244,17042.547
2013-05-31,9778.17032222316,-2579.87326737021,17042.547,79.21244,79.55943,16966.648
2013-06-30,7100,-5000,16966.648,79.55943,82.22321,19860.365
2013-07-31,5000,-7863.69225425799,19860.365,82.22321,85.897545,22507.379
2013-08-31,3500,-5019.49065932662,22507.379,85.897545,90.311806,25381.078
2013-09-30,3552.64634355626,-5317.24874784929,25381.078,90.311806,92.11223,26076.97
2013-10-31,4000,-2250.86989282225,26076.97,92.11223,92.15016,24544.918
2013-11-30,5602.72968340605,-2427.94277746129,24544.918,92.15016,92.1699,23973.344
2013-12-31,6250.87361965385,-2704.16560561456,23973.344,92.1699,90.038124,23284.127
2014-01-31,6114.8282369732,-873.224165028774,23284.127,90.038124,89.50547,22616.729
2014-02-28,13985.6997474165,-3453.20256613693,22616.729,89.50547,81.52268,14302.764
2014-03-31,14259.4989151364,-4625,14302.764,81.52268,73.22043,12285.397
2014-04-30,8295.59029040069,-1345.11608060719,12285.397,73.22043,78.39529,17217.096
2014-05-31,4226.96848962292,-1606.14508007873,17217.096,78.39529,86.625565,21891.639
2014-06-30,3000,-1768.63060290334,21891.639,86.625565,90.39512,24977.998
2014-07-31,3000,-2237.63936930378,24977.998,90.39512,93.21992,25969.354
2014-08-31,3000,-2644.32007537248,25969.354,93.21992,93.42516,26300.744
2014-09-30,3857.37070719734,-3287.74547016298,26300.744,93.42516,92.82206,25799.84
2014-10-31,3000,-2579.45582765077,25799.84,92.82206,93.811485,26725.072
2014-11-30,4772.20880944274,-1636.15218133232,26725.072,93.811485,93.729454,25877.777
2014-12-31,40347.5398572019,-5290.32258064516,25877.777,93.729454,63.915123,4058.3333
2015-01-31,6000,-4822.63306949029,4058.3333,63.915123,75.32404,18752.35
2015-02-28,16875.091432643,-4316.42857142857,18752.35,75.32404,75.190445,11059.78
2015-03-31,7113.47790321254,-1976.47400184127,11059.78,75.190445,78.43576,18440.66
2015-04-30,6851.11970877422,-548.229349305425,18440.66,78.43576,83.664635,20201.516
2015-05-31,4061.88364631774,-1872.25033682626,20201.516,83.664635,89.70812,22055.588
2015-06-30,3986.89073066989,-1826.19261471463,22055.588,89.70812,91.668205,24798.611
2015-07-31,3000,-2093.21882889961,24798.611,91.668205,93.056854,26355.094
2015-08-31,3000,-2028.32391318979,26355.094,93.056854,93.842735,26995.535
2015-09-30,3853,-2314.3033104957,26995.535,93.842735,92.715614,23300.424
2015-10-31,3000,-1922.25529906001,23300.424,92.715614,92.93566,26456.256
2015-11-30,5468.362082616,-2020.73045811244,26456.256,92.93566,92.3943,25974.422
2015-12-31,12516.4143246071,-2710.00609506044,25974.422,92.3943,83.313965,22818.293
2016-01-31,32880.5727070861,-4516.12903225806,22818.293,83.313965,64.032524,4761.427
2016-02-29,19644.5478680548,-4172.41379310345,4761.427,64.032524,64.66272,8452.602
2016-03-31,58625.6744860006,-3935,8452.602,64.66272,55.986046,2896.81
2016-04-30,19208.0615194714,-2272.17585549788,2896.81,55.986046,64.240456,8866.904
2016-05-31,9231.65837985679,-1962.30190929041,8866.904,64.240456,76.03141,16252.942
2016-06-30,7256.34069149969,-4999.99999999999,16252.942,76.03141,82.025406,19840.027
2016-07-31,6500,-6126.67942540651,19840.027,82.025406,84.81633,21629.018
2016-08-31,4000,-5538.36316617576,21629.018,84.81633,88.80418,24399.91
2016-09-30,3000,-5059.53143941462,24399.91,88.80418,91.73291,25930.422
2016-10-31,4583.42335515766,-6036.84114086579,25930.422,91.73291,92.1346,23128.553
2016-11-30,7896.56168590447,-9207.9274247479,23128.553,92.1346,88.74093,21672.238
2016-12-31,46573.969547042,-5290.32258064516,21672.238,88.74093,60.719616,4415.6885
2017-01-31,150666.273671077,-4516.12903225806,4415.6885,60.719616,51.819427,2125.479
2017-02-28,306313.000103769,12327.0513158404,2125.479,51.819427,48.887722,906.71356
2017-03-31,94183.3159509877,-2951.03339325077,906.71356,48.887722,53.077076,2406.9187
2017-04-30,70712.6866052745,-1428.47346546553,2406.9187,53.077076,53.96216,2568.7422
2017-05-31,32165.8155399951,-854.861224870839,2568.7422,53.96216,59.709763,5968.2925
2017-06-30,13521.5378975402,-3144.9143573648,5968.2925,59.709763,68.73518,13258.435
2017-07-31,8000,-7391.68327029812,13258.435,68.73518,78.559044,18234.346
2017-08-31,4325.26881722581,-10462.5980263642,18234.346,78.559044,84.58649,22613.299
2017-09-30,6155.31947535324,-9116.71552227973,22613.299,84.58649,85.15132,22307.807
2017-10-31,4000,-9363.7145260742,22307.807,85.15132,86.883644,23143.887
2017-11-30,14161.4640922946,-8939.01366010063,23143.887,86.883644,81.016396,13681.057
2017-12-31,7219.83863701131,-8765.28996934366,13681.057,81.016396,80.98111,22952.393
2018-01-31,19717.0372593642,-3645.16129032258,22952.393,80.98111,73.21506,10382.951
2018-02-28,9687.5,-4385.31603247325,10382.951,73.21506,73.98045,16189.696
2018-03-31,36718.5662435957,-3935,16189.696,73.98045,61.756565,4178.0166
2018-04-30,27952.3555861247,-3307.48303871808,4178.0166,61.756565,61.42709,5940.9873
2018-05-31,14404.3623883864,-2027.87772492074,5940.9873,61.42709,69.15225,12194.705
2018-06-30,6270.55979524314,-4638.5060890562,12194.705,69.15225,80.07988,21055.994
2018-07-31,9503.04781186726,-9806.87574035076,21055.994,80.07988,82.16205,18732.932
2018-08-31,4000,-9710.560098725,18732.932,82.16205,86.05865,22865.1
2018-09-30,3040.41633092439,-6171.10273065633,22865.1,86.05865,89.9242,25514.604
2018-10-31,4633.15944919979,-4363.82114341721,25514.604,89.9242,90.64679,25793.463
2018-11-30,6035.76582168412,-6374.04512267235,25793.463,90.64679,90.203445,22879.936
2018-12-31,9310.7215820249,-7342.27999424995,22879.936,90.203445,85.65387,18252.666
2019-01-31,39148.3645722045,-3645.16129032258,18252.666,85.65387,62.002094,4383.899
2019-02-28,119449.540690997,-4156.25,4383.899,62.002094,52.782536,2228.854
2019-03-31,124698.133664578,-3500,2228.854,52.782536,52.624077,2195.137
2019-04-30,55282.6093655396,-3995,2195.137,52.624077,55.2684,3195.422
2019-05-31,35740.5901459364,-1134.13480630468,3195.422,55.2684,58.768097,4053.0715
2019-06-30,14500.6748540594,-4703.0680363847,4053.0715,58.768097,67.7969,12002.577
2019-07-31,8244.115234375,-9028.11267967607,12002.577,67.7969,78.169815,17751.604
2019-08-31,4325.26881722581,-10172.8777096018,17751.604,78.169815,84.696915,22948.979
2019-09-30,6574.7800931526,-9078.71019904649,22948.979,84.696915,84.884995,21541.223
2019-10-31,4085.48116853897,-9186.9332976704,21541.223,84.884995,86.61793,23596.145
2019-11-30,6996.08683065097,-8003.72457509856,23596.145,86.61793,88.26589,23719.816
2019-12-31,22332.6250275268,-5290.32258064516,23719.816,88.26589,72.34471,10587.357
2020-01-31,12346.2678621828,-5000,10587.357,72.34471,71.546036,15808.568
2020-02-29,11144.827,-4544.30277430526,15808.568,71.546036,75.98142,15960.56
2020-03-31,10165.7981045802,-3517.521264141,15960.56,75.98142,77.51364,16468.889
2020-04-30,9396.76225680899,-2169.30445982361,16468.889,77.51364,79.3049,16796.723
2020-05-31,10581.0199555669,-2589.51316333948,16796.723,79.3049,79.143585,16612.17
2020-06-30,7100,-5000,16612.17,79.143585,81.78216,19790.324
2020-07-31,5000,-8511.76537229764,19790.324,81.78216,85.84568,22428.623
2020-08-31,3500,-4484.5656790473,22428.623,85.84568,89.592575,25081.55
2020-09-30,3000,-4475.71983613605,25081.55,89.592575,92.285965,26250.81
2020-10-31,4480.22875733819,-3948.99061300772,26250.81,92.285965,92.31616,25773.486
2020-11-30,5370.44628698963,-1655.35585483553,25773.486,92.31616,91.72698,25297.129
2020-12-31,4930.61310485175,-2206.46400365951,25297.129,91.72698,92.113045,23686.678
2021-01-31,11310.8310356603,-1577.88835933311,23686.678,92.113045,85.325264,18771.496
2021-02-28,9623.74121301243,-4955,18771.496,85.325264,82.35136,18720.84
2021-03-31,7269.90873702265,-2715.02334198781,18720.84,82.35136,83.02824,20689.402
2021-04-30,4416.90347214176,-722.626272077001,20689.402,83.02824,87.91914,23037.396
2021-05-31,4711.44254715654,-1696.8914570804,23037.396,87.91914,91.48197,24540.453
2021-06-30,5245.38558358251,-2287.41946506995,24540.453,91.48197,91.02652,25262.129
2021-07-31,3000,-1963.73789683276,25262.129,91.02652,92.88655,25643.482
2021-08-31,3000,-1858.87140067223,25643.482,92.88655,93.80218,26575.973
2021-09-30,3500,-2338.30598064384,26575.973,93.80218,NA,NA
