"Date","OUTFLOW","OMR","X2_prev","X2_current"
1921-11-30,4500,-8618.63496305858,80.06121,82.99984
1921-12-31,17032.7683958214,-5290.32258064516,82.99984,75.47775
1922-01-31,18913.8308226757,-4516.12903225806,75.47775,67.57236
1922-02-28,59569.611400194,-4156.25,67.57236,56.085243
1922-03-31,42949.5587279146,-3500,56.085243,57.063942
1922-04-30,34964.8340345633,-1152.82528228948,57.063942,59.220665
1922-05-31,33702.5402491807,-1974.17493588896,59.220665,59.99465
1922-06-30,9000,-4307.45488122707,59.99465,72.639534
1922-07-31,16406.25,-7203.31340877366,72.639534,74.04435
1922-08-31,14375,-10783.3347371242,74.04435,74.00561
1922-09-30,6250,-7075.43595776701,74.00561,79.99191
1922-10-31,10937.5,-4196.27306153293,79.99191,79.978775
1922-11-30,7594.53221292432,-8692.18312753135,79.978775,81.12154
1922-12-31,38784.3532428071,-5290.32258064516,81.12154,62.133068
1923-01-31,33241.6885728875,-4516.12903225806,62.133068,59.98362
1923-02-28,19336.2620885857,-4033.03571428571,59.98362,64.77471
1923-03-31,12120.5290880595,-3500,64.77471,71.8907
1923-04-30,23354.3228527142,-2783.62948048376,71.8907,66.53424
1923-05-31,12481.5429606965,-2121.40521071594,66.53424,71.54887
1923-06-30,6562.5,-5000,71.54887,80.94399
1923-07-31,7898.40095134782,-8897.74126313601,80.94399,83.59589
1923-08-31,4000,-8364.11157834816,83.59589,87.2628
1923-09-30,4306.20930947504,-6353.4027031892,87.2628,89.8636
1923-10-31,4000,-4791.58767277723,89.8636,91.511154
1923-11-30,5719.82371903964,-4355.46757942305,91.511154,91.28637
1923-12-31,6451.52866427409,-3085.5014063828,91.28637,89.20536
1924-01-31,9404.97085686911,-4671.17470146705,89.20536,85.74244
1924-02-29,12956.3325258217,-4955,85.74244,79.9242
1924-03-31,7102.92102818188,-1349.99081043855,79.9242,80.64579
1924-04-30,4914.78525406043,-690.419800388955,80.64579,85.806274
1924-05-31,4354.58064516775,-1526.46141749208,85.806274,90.52724
1924-06-30,4147.26093326541,-1584.14963776347,90.52724,91.93584
1924-07-31,3000,-1917.02351930978,91.93584,93.26076
1924-08-31,3000,-2680.51915745554,93.26076,93.852066
1924-09-30,3857.37070719734,-1926.54559180941,93.852066,92.48947
1924-10-31,3626.24522605136,-5470.62348512915,92.48947,93.04576
1924-11-30,5799.68656487125,-2784.37133885474,93.04576,92.17308
1924-12-31,9212.58678642952,-3808.85518496111,92.17308,87.15579
1925-01-31,8443.3262011284,-5000,87.15579,84.46395
1925-02-28,74646.8555510839,-4427.32142857143,84.46395,56.77457
1925-03-31,17669.355,-3935,56.77457,64.40505
1925-04-30,25929.0394998455,-2164.5174577729,64.40505,63.59342
1925-05-31,13589.7027883774,-1764.37658132884,63.59342,69.82522
1925-06-30,6477.0835,-4499.42214590092,69.82522,80.49898
1925-07-31,5000,-7223.04284014926,80.49898,85.5627
1925-08-31,3500,-3637.87246593531,85.5627,88.747185
1925-09-30,3010.057130486,-6247.85360769321,88.747185,92.27578
1925-10-31,4000,-4119.96423565545,92.27578,92.743645
1925-11-30,5295.96769067344,-3811.08806219227,92.743645,92.16706
1925-12-31,6246.31733662841,-2977.91850697624,92.16706,91.00227
1926-01-31,14024.1852273202,-5000,91.00227,81.53392
1926-02-28,42012.2938941241,-4427.32142857143,81.53392,60.27944
1926-03-31,17755.5752983894,-3935,60.27944,65.2242
1926-04-30,21146.5350823705,-1997.13581472205,65.2242,65.906136
1926-05-31,11760.3435172777,-2747.34640896831,65.906136,72.79839
1926-06-30,7100,-5000,72.79839,80.98884
1926-07-31,5000,-5832.73610078968,80.98884,85.331
1926-08-31,3500,-2971.26412077619,85.331,88.94385
1926-09-30,3000,-4962.76454652436,88.94385,92.39901
1926-10-31,4324.88850867444,-2754.98900811931,92.39901,92.44596
1926-11-30,15689.7661533836,-8631.37204576615,92.44596,80.48283
1926-12-31,11819.381137314,-5290.32258064516,80.48283,75.39543
1927-01-31,33874.4928611576,-4516.12903225806,75.39543,62.4783
1927-02-28,167309.613504005,-4156.25,62.4783,51.706154
1927-03-31,50491.1429701999,-3500,51.706154,55.929558
1927-04-30,49386.7008862439,-3728.76250257956,55.929558,56.259804
1927-05-31,17508.8708830199,-2593.25785751964,56.259804,65.649994
1927-06-30,7324.09562454347,-4689.43333331279,65.649994,77.69899
1927-07-31,16250,-7952.39006022142,77.69899,73.956184
1927-08-31,11250,-11442.2921807469,73.956184,73.98674
1927-09-30,7187.5,-4159.39486811782,73.98674,79.934654
1927-10-31,9843.75,-3932.44290801453,79.934654,80.05899
1927-11-30,5548.64465341794,-9493.06831513409,80.05899,83.5627
1927-12-31,5733.81038222003,-9754.62017634693,83.5627,86.47391
1928-01-31,18474.5504664031,-3645.16129032258,86.47391,75.72541
1928-02-29,19214.1768880622,-4172.41379310345,75.72541,67.19415
1928-03-31,81958.8148213027,-3500,67.19415,54.53529
1928-04-30,30919.03053064,-2249.31425116502,54.53529,59.842327
1928-05-31,13566.5237438456,-2332.18233016788,59.842327,69.34414
1928-06-30,7893.33938567165,-4689.4333333128,69.34414,78.91789
1928-07-31,17500,-8683.64824520141,78.91789,74.069565
1928-08-31,13750,-10802.9957983165,74.069565,74.046524
1928-09-30,6250,-3952.16223148108,74.046524,80.068726
1928-10-31,10781.25,-2629.88739967217,80.068726,80.03337
1928-11-30,6278.35385474294,-8434.58398523281,80.03337,82.67104
1928-12-31,5075.56909166673,-7517.70864651756,82.67104,86.666046
1929-01-31,8229.20495967047,-5000,86.666046,86.43569
1929-02-28,15178.6716618466,-4316.42857142857,86.43569,78.822815
1929-03-31,8479.20775840734,-3715.37575792953,78.822815,77.83635
1929-04-30,7100,-914.21498496888,77.83635,82.4088
1929-05-31,4081.26332326042,-2128.74066704536,82.4088,87.537025
1929-06-30,3000,-1487.08959363975,87.537025,91.26965
1929-07-31,3000,-1911.1542325631,91.26965,93.824196
1929-08-31,3000,-1807.28708336262,93.824196,93.574745
1929-09-30,3780,-2508.25577221817,93.574745,92.648125
1929-10-31,3000,-2624.04828387119,92.648125,93.72323
1929-11-30,4505.28247043695,-830.717003081663,93.72323,93.776474
1929-12-31,13896.8322769992,-5290.32258064516,93.776474,83.41513
1930-01-31,26218.2596600489,-4516.12903225806,83.41513,65.66342
1930-02-28,18535.715,-1494.35359922956,65.66342,65.91856
1930-03-31,28336.7184945616,-3935,65.91856,62.55303
1930-04-30,12661.6474074257,-1798.83610794415,62.55303,69.87962
1930-05-31,7781.0609859027,-1639.80893147988,69.87962,79.91667
1930-06-30,7100,-5000,79.91667,83.52841
1930-07-31,5000,-8316.69766988866,83.52841,85.93182
1930-08-31,3500,-4611.74301321449,85.93182,90.205124
1930-09-30,3089.96027344652,-5560.7333425817,90.205124,92.42445
1930-10-31,4269.77179458744,-2213.7738783127,92.42445,92.38835
1930-11-30,5760.86631020583,-2079.04711692396,92.38835,91.1558
1930-12-31,5600.27880141612,-793.887756152012,91.1558,90.83831
1931-01-31,10157.2401346324,-4557.23829669173,90.83831,85.989586
1931-02-28,7949.2135161916,-4825.28038666867,85.989586,84.37226
1931-03-31,7293.39068447694,-1197.13254283371,84.37226,84.12599
1931-04-30,4145.78034646941,-742.526900773752,84.12599,88.12418
1931-05-31,5075.7359909258,-1998.4012854674,88.12418,90.94466
1931-06-30,3882.8713916018,-1608.11095312954,90.94466,92.12856
1931-07-31,3000,-2125.68930095691,92.12856,93.93663
1931-08-31,3000,-2027.52630886964,93.93663,93.96013
1931-09-30,3000,-1955.35062483262,93.96013,93.343605
1931-10-31,4700.90723736022,-1504.74589722215,93.343605,92.78557
1931-11-30,3500,-2221.98762305194,92.78557,93.633316
1931-12-31,19871.250317641,-5290.32258064516,93.633316,76.872154
1932-01-31,19712.8580638347,-4516.12903225806,76.872154,66.866356
1932-02-29,24757.5318778535,-4333.79310344828,66.866356,64.0446
1932-03-31,7377.47026236519,-3197.15696629013,64.0446,75.48315
1932-04-30,9514.58009900952,-1668.72862016695,75.48315,80.739944
1932-05-31,14575.8482287223,-2291.20152039907,80.739944,74.9539
1932-06-30,3369.59229889589,-1536.71721005109,74.9539,82.59264
1932-07-31,3019.40119175627,-2355.8360149238,82.59264,90.04203
1932-08-31,3313.60940564801,-2330.18696289638,90.04203,91.97748
1932-09-30,3499.99999999999,-3731.94720414624,91.97748,92.658165
1932-10-31,3000,-3140.64263707347,92.658165,94.168846
1932-11-30,4913.51583195575,-2932.89455626656,94.168846,93.72929
1932-12-31,7475.93919445955,-4304.85383155579,93.72929,90.30028
1933-01-31,12022.1825416229,-5000,90.30028,83.43867
1933-02-28,10277.1852246263,-4820,83.43867,78.89149
1933-03-31,7532.22218557161,-2948.36342732776,78.89149,80.815186
1933-04-30,5703.12817401398,-659.447324715558,80.815186,84.510056
1933-05-31,6915.35719167425,-1896.74767801136,84.510056,86.49497
1933-06-30,3000,-1822.12706825373,86.49497,90.24448
1933-07-31,3007.43715949821,-2086.41599172861,90.24448,93.34996
1933-08-31,3000,-1840.97021389359,93.34996,93.72477
1933-09-30,3496.90575460419,-2685.62163265977,93.72477,92.76416
1933-10-31,3000,-1705.03601273643,92.76416,94.03955
1933-11-30,5853.560120933,-1213.3229771915,94.03955,92.66529
1933-12-31,10578.9402513803,-6728.51673206408,92.66529,85.99539
1934-01-31,16561.8896509555,-3645.16129032258,85.99539,74.27371
1934-02-28,15712.377156199,-4427.32142857143,74.27371,69.844925
1934-03-31,7992.67742657547,-4024.674618579,69.844925,77.31168
1934-04-30,5890.76737223321,-740.145242489204,77.31168,83.722435
1934-05-31,4768.56740997875,-2080.35219456979,83.722435,89.196075
1934-06-30,3097.59838937347,-1779.69345913629,89.196075,92.348495
1934-07-31,3000,-2152.42505376243,92.348495,93.85755
1934-08-31,3000,-2187.80058871124,93.85755,93.86917
1934-09-30,3276.04811685541,-4226.15829697966,93.86917,93.07028
1934-10-31,3391.13618648942,-1119.14613994754,93.07028,93.773766
1934-11-30,6221.00754803981,-4902.69496752651,93.773766,91.734955
1934-12-31,6445.22134324543,-3771.86766855744,91.734955,89.82987
1935-01-31,29433.3942369221,-3645.16129032258,89.82987,68.2411
1935-02-28,13890.5101886038,-4316.42857142857,68.2411,68.20306
1935-03-31,24193.515117779,-3935,68.20306,65.219086
1935-04-30,46856.8146472856,-3451.99138361358,65.219086,57.632797
1935-05-31,21609.6134831022,-1928.69169884557,57.632797,63.77847
1935-06-30,6170,-5000,63.77847,77.42288
1935-07-31,6572.16326534339,-8355.44580443155,77.42288,84.440125
1935-08-31,4000,-5174.28698976481,84.440125,87.41575
1935-09-30,3010.69651914862,-5120.31461261486,87.41575,91.2895
1935-10-31,6978.4208818522,-1478.30664417128,91.2895,89.29897
1935-11-30,4500,-5459.52727709131,89.29897,89.324005
1935-12-31,7238.13172429018,-3650.56538540481,89.324005,88.43622
1936-01-31,42172.0901693303,-3645.16129032258,88.43622,62.56482
1936-02-29,101103.970413974,-3966.04949017443,62.56482,53.404514
1936-03-31,31818.8583532228,-3500,53.404514,59.501747
1936-04-30,27553.7256802018,-580.706835248806,59.501747,61.979885
1936-05-31,13059.4306124975,-1297.91360218344,61.979885,69.99951
1936-06-30,6276.50531271571,-3136.15578126748,69.99951,80.64297
1936-07-31,8013.64738425018,-9014.87561754793,80.64297,83.24134
1936-08-31,4146.62508536687,-9124.21808919096,83.24134,86.749916
1936-09-30,3815.88894516091,-5209.04099781438,86.749916,90.12212
1936-10-31,4425.0708687972,-6763.06356018924,90.12212,91.62348
1936-11-30,4500,-4294.81101672535,91.62348,92.62009
1936-12-31,8287.77577678702,-3782.58800214452,92.62009,88.83204
1937-01-31,11324.7403674425,-5000,88.83204,83.36193
1937-02-28,56136.1952567288,-4316.42857142857,83.36193,58.15379
1937-03-31,45645.4042250176,-3935,58.15379,56.709423
1937-04-30,22651.3322512094,-1083.93097281515,56.709423,63.193657
1937-05-31,16835.2515175519,104.726506453937,63.193657,67.941414
1937-06-30,7800,-5000,67.941414,77.54909
1937-07-31,6500,-7688.49133534962,77.54909,83.79067
1937-08-31,4000,-5447.92961806443,83.79067,87.45061
1937-09-30,3000,-6007.5503724834,87.45061,91.14199
1937-10-31,4000,-4680.79050495823,91.14199,92.7586
1937-11-30,15942.2679763539,-9489.24719458344,92.7586,80.4429
1937-12-31,71823.1986950958,-5290.32258064516,80.4429,55.826897
1938-01-31,30521.3329888566,-4516.12903225806,55.826897,60.09175
1938-02-28,187990.990578077,1699.76930883719,60.09175,51.30259
1938-03-31,191791.257553869,6578.66813486937,51.30259,51.607407
1938-04-30,56171.0337613865,-2380.88386216658,51.607407,55.25767
1938-05-31,39772.6975837931,1938.13738630625,55.25767,58.039692
1938-06-30,10843.5151377522,-3171.80401804173,58.039692,70.289536
1938-07-31,14199.2011553911,-7773.88548879178,70.289536,73.910126
1938-08-31,12299.7402288973,-7374.68191523014,73.910126,73.69148
1938-09-30,6562.5,-7559.88430818431,73.69148,80.01024
1938-10-31,10312.5,-2760.83896723937,80.01024,80.065056
1938-11-30,4600.92639282421,-9002.43623195918,80.065056,84.31965
1938-12-31,6537.25534537734,-8224.17860906419,84.31965,86.366356
1939-01-31,8219.60343345782,-3699.50394072897,86.366356,86.03168
1939-02-28,10060.6393891359,-4820,86.03168,83.255394
1939-03-31,9426.18067624527,-3110.0353753742,83.255394,81.2951
1939-04-30,11776.5125918302,-2164.02578884397,81.2951,78.12304
1939-05-31,10267.8860325247,-912.005655484489,78.12304,78.618805
1939-06-30,5698.56062157957,-1831.49392962609,78.618805,83.23091
1939-07-31,5523.58323978808,-6458.50408692519,83.23091,87.234215
1939-08-31,4602.76084634095,-5084.62934703404,87.234215,89.72263
1939-09-30,3000,-4085.47665375598,89.72263,91.77882
1939-10-31,4000,-2032.27942832723,91.77882,92.771126
1939-11-30,4908.8462381743,-1668.28367285703,92.771126,92.51318
1939-12-31,5674.557217286,-2198.90632771205,92.51318,91.20686
1940-01-31,37706.6089960531,-3645.16129032258,91.20686,64.71919
1940-02-29,77876.4183410235,-4333.79310344828,64.71919,54.13936
1940-03-31,103164.971463741,-3500,54.13936,53.049686
1940-04-30,45117.823834637,-817.315856870619,53.049686,56.644886
1940-05-31,14835.391567786,-2155.36839100683,56.644886,67.21006
1940-06-30,7350.62126159067,-4689.4333333128,67.21006,78.57468
1940-07-31,17500,-8278.96663344404,78.57468,74.06505
1940-08-31,13906.25,-11245.0712188251,74.06505,74.051506
1940-09-30,6562.5,-4191.19134967363,74.051506,79.98996
1940-10-31,10937.5,-2548.2104207213,79.98996,79.97541
1940-11-30,4500,-7015.86058933022,79.97541,84.39308
1940-12-31,39460.0001615878,-5290.32258064516,84.39308,63.00377
1941-01-31,91675.0044590583,-4516.12903225806,63.00377,53.375866
1941-02-28,135604.634855612,-4464.28571428572,53.375866,52.345634
1941-03-31,87932.3489303301,-3500,52.345634,53.19853
1941-04-30,77088.2272199657,-3995,53.19853,53.628704
1941-05-31,29731.3040281644,-1134.13480630468,53.628704,60.270283
1941-06-30,8711.02620673724,-4372.97632997481,60.270283,73.46451
1941-07-31,15000,-8396.136634153,73.46451,73.97655
1941-08-31,11981.8447813794,-11002.928134963,73.97655,73.841385
1941-09-30,6875,-8251.29847081958,73.841385,80.058716
1941-10-31,10312.5,-3768.54389891301,80.058716,79.96032
1941-11-30,5029.13424510433,-9605.83680972027,79.96032,84.016464
1941-12-31,52532.8880146979,-5290.32258064516,84.016464,59.59998
1942-01-31,88404.4053576512,-4516.12903225806,59.59998,53.355415
1942-02-28,163181.257436102,-4464.28571428571,53.355415,51.81847
1942-03-31,27441.5401278114,-3500,51.81847,60.58997
1942-04-30,46603.0615860265,-3995,60.58997,57.419613
1942-05-31,33230.7852591698,-1330.98865699776,57.419613,59.906902
1942-06-30,7927.47447081868,-4777.66618906607,59.906902,73.59199
1942-07-31,15625,-7356.67105103805,73.59199,74.08725
1942-08-31,11834.1818118509,-11206.0633378916,74.08725,73.67286
1942-09-30,6875,-7375.0407310789,73.67286,79.960655
1942-10-31,10156.25,-4363.73037928253,79.960655,79.96419
1942-11-30,7802.97790269966,-8567.14409774938,79.96419,81.403046
1942-12-31,19600.0644869845,-5290.32258064516,81.403046,71.25014
1943-01-31,85544.0760809025,-4516.12903225806,71.25014,54.085865
1943-02-28,61009.8259728642,-4033.03571428571,54.085865,54.6552
1943-03-31,87105.6649377927,-3321.24414612856,54.6552,53.469418
1943-04-30,29964.7907316538,202.93066403646,53.469418,59.97132
1943-05-31,11665.6904398806,-2571.03490052291,59.97132,71.1115
1943-06-30,8065.25466618194,-4693.80277775753,71.1115,79.75989
1943-07-31,15937.5,-7266.62515617663,79.75989,74.06223
1943-08-31,11406.25,-10956.0401477704,74.06223,74.03395
1943-09-30,7031.25,-4900.93033111826,74.03395,79.986115
1943-10-31,9921.875,-4834.81227392542,79.986115,80.03706
1943-11-30,4500,-7056.67038468996,80.03706,84.68564
1943-12-31,4756.18560938192,-5683.7469222927,84.68564,88.63242
1944-01-31,10628.8311813003,-3627.44591804186,88.63242,84.84703
1944-02-29,27758.0385155516,-4333.79310344827,84.84703,67.0143
1944-03-31,18984.6082636997,-3935,67.0143,65.40366
1944-04-30,11695.4576945962,-1867.80592859065,65.40366,72.86881
1944-05-31,9523.60098433778,-510.094539147274,72.86881,78.69029
1944-06-30,7100,-5000,78.69029,82.29014
1944-07-31,5507.78456664592,-2700.46519119569,82.29014,86.19288
1944-08-31,5105.58432738116,-2649.82225399394,86.19288,89.091034
1944-09-30,3000,-4660.25556642211,89.091034,91.4296
1944-10-31,4000,-3958.36050698306,91.4296,92.60457
1944-11-30,8855.78349199048,-6594.10383770451,92.60457,87.8853
1944-12-31,13585.6102263356,-5290.32258064516,87.8853,78.48592
1945-01-31,8501.3998262233,-5000,78.48592,79.17223
1945-02-28,60206.5313818205,-4316.42857142857,79.17223,57.61804
1945-03-31,24037.1263538187,-3500,57.61804,61.927006
1945-04-30,13274.5249653331,-1927.23097624598,61.927006,70.23241
1945-05-31,10024.0820499837,-1961.44033335916,70.23241,77.246796
1945-06-30,7243.3335,-5000,77.246796,81.938576
1945-07-31,5000,-8734.60935851991,81.938576,85.38107
1945-08-31,3500,-6870.52372182394,85.38107,89.40619
1945-09-30,3414.83872631825,-6373.84535536256,89.40619,91.921616
1945-10-31,5159.63721858444,-5537.22059544895,91.921616,91.22573
1945-11-30,8188.12516684729,-9529.84221378992,91.22573,87.86964
1945-12-31,80004.6046789637,-5290.32258064516,87.86964,56.254112
1946-01-31,52542.1427532517,-4516.12903225806,56.254112,55.633083
1946-02-28,22905.9538893562,-4033.03571428571,55.633083,62.588177
1946-03-31,22013.4436306329,-3500,62.588177,64.62386
1946-04-30,14980.0450034647,-2139.6109438464,64.62386,68.90803
1946-05-31,11996.1197567544,-2100.47618084158,68.90803,74.77244
1946-06-30,7100,-5000,74.77244,81.0091
1946-07-31,7953.63300568557,-10014.5504658843,81.0091,83.4983
1946-08-31,4258.60664056051,-10094.7654757123,83.4983,87.347824
1946-09-30,4099.58727928248,-6514.00057806427,87.347824,89.83077
1946-10-31,4000,-6821.46282337151,89.83077,91.34328
1946-11-30,6440.62771002387,-6035.73505704763,91.34328,90.401855
1946-12-31,8662.34731160838,-6674.19376307996,90.401855,86.18526
1947-01-31,6000,-5000,86.18526,86.96257
1947-02-28,15344.6986646679,-4316.42857142857,86.96257,79.432304
1947-03-31,14994.3704791026,-4625,79.432304,71.70609
1947-04-30,11481.488631512,-2346.27593095279,71.70609,74.63352
1947-05-31,8776.638441746,-2602.72135054304,74.63352,79.56407
1947-06-30,7100,-4095.99835305356,79.56407,82.997185
1947-07-31,5000,-4292.21175885042,82.997185,86.08471
1947-08-31,3500,-2982.39769375707,86.08471,90.89374
1947-09-30,3000,-4248.63271597647,90.89374,92.99686
1947-10-31,4970.64073436742,-4771.84304222759,92.99686,91.49286
1947-11-30,4913.92080286589,-3705.2452081291,91.49286,91.78946
1947-12-31,5330.36144477434,-1935.27192842564,91.78946,91.56417
1948-01-31,13525.2601870258,-3645.16129032258,91.56417,82.9905
1948-02-29,11144.827,-2803.19468532976,82.9905,77.46743
1948-03-31,13627.1604929637,-4532.11880798018,77.46743,74.2121
1948-04-30,28415.7034686481,-2312.96133715926,74.2121,63.740963
1948-05-31,22223.730717538,-2427.20475194573,63.740963,64.273026
1948-06-30,7521.875,-5000,64.273026,76.05396
1948-07-31,5000,-11537.8515590069,76.05396,84.65786
1948-08-31,3500,-5765.78583172726,84.65786,87.66403
1948-09-30,3000,-5953.43882078512,87.66403,91.736176
1948-10-31,4220.57964873857,-4728.37045327403,91.736176,92.625084
1948-11-30,5497.36814797036,-4352.78849659492,92.625084,91.69218
1948-12-31,9122.83696327776,-4543.09231046556,91.69218,87.33661
1949-01-31,7072.14532242447,-5000,87.33661,85.832016
1949-02-28,11550.4173733757,-4955,85.832016,81.99418
1949-03-31,44795.1163617649,-4625,81.99418,60.097218
1949-04-30,13592.7468161701,-2394.63231850696,60.097218,67.937355
1949-05-31,9251.613,-2668.64451676089,67.937355,77.90448
1949-06-30,7100,-4447.23601242553,77.90448,82.430435
1949-07-31,5000,-5047.88497660321,82.430435,85.54463
1949-08-31,3500,-3041.30947889766,85.54463,89.62532
1949-09-30,3000,-4492.532047935,89.62532,92.41748
1949-10-31,4000,-3780.99859072634,92.41748,92.920586
1949-11-30,4879.62515844185,-3161.86626078659,92.920586,92.584625
1949-12-31,5835.48603658049,-2193.90576769347,92.584625,91.6486
1950-01-31,25431.3285381436,-3645.16129032257,91.6486,71.22253
1950-02-28,40662.9942877537,-4316.42857142857,71.22253,58.85713
1950-03-31,16354.806285061,-3935,58.85713,66.1517
1950-04-30,16393.8070447915,-2411.81407267563,66.1517,69.51615
1950-05-31,12065.8505064249,-2452.66127830687,69.51615,74.12928
1950-06-30,7025.8335,-5000,74.12928,80.929756
1950-07-31,5000,-11005.591186107,80.929756,85.38421
1950-08-31,3500,-6097.93419966717,85.38421,88.94794
1950-09-30,3514.3949092839,-5734.57908157192,88.94794,91.67173
1950-10-31,5087.2773040773,-6556.43685748613,91.67173,91.114784
1950-11-30,45542.8568009413,-8192.9204955478,91.114784,62.444435
1950-12-31,112309.334354336,-4270.27595067859,62.444435,52.90887
1951-01-31,77702.7393687991,-4516.12903225806,52.90887,53.51156
1951-02-28,72725.3899155768,-4464.28571428572,53.51156,53.95672
1951-03-31,33029.8673190899,-3500,53.95672,59.429276
1951-04-30,12807.881549241,-2339.520104845,59.429276,69.30657
1951-05-31,12130.5910369157,-1981.32578768147,69.30657,75.29726
1951-06-30,9277.95902892814,-4689.4333333128,75.29726,78.790085
1951-07-31,17187.5,-7414.07044979425,78.790085,73.93053
1951-08-31,13750,-10181.0873642221,73.93053,74.04044
1951-09-30,6093.75,-4461.3218447338,74.04044,80.04097
1951-10-31,10781.25,-4726.12192774303,80.04097,80.05566
1951-11-30,5744.67969891351,-9199.34664007921,80.05566,84.40117
1951-12-31,36034.6127147834,-5290.32258064516,84.40117,65.04145
1952-01-31,106337.268322736,-4516.12903225806,65.04145,53.30115
1952-02-29,102091.472248583,-4482.75862068966,53.30115,52.966114
1952-03-31,73842.097020561,-3500,52.966114,53.83798
1952-04-30,48911.327395723,-3995,53.83798,56.20132
1952-05-31,45389.1122124069,-3126.3140630706,56.20132,56.942413
1952-06-30,15995.8869675111,-5000,56.942413,66.38194
1952-07-31,11562.5,-8314.98360333698,66.38194,73.987144
1952-08-31,13281.25,-7494.81949478541,73.987144,73.9459
1952-09-30,7774.30555566667,-4615.85261416286,73.9459,78.44231
1952-10-31,9687.5,-3520.70187876805,78.44231,79.92951
1952-11-30,5541.10940743236,-9391.91329051411,79.92951,83.661415
1952-12-31,35747.4035482396,-5290.32258064516,83.661415,64.06359
1953-01-31,98107.9909164579,-4516.12903225806,64.06359,53.332943
1953-02-28,23022.5494751729,-4464.28571428571,53.332943,62.11967
1953-03-31,18062.7758537108,-3500,62.11967,66.58474
1953-04-30,21477.7987835947,-1989.09703012462,66.58474,65.72132
1953-05-31,18843.6627120154,-1863.72349093483,65.72132,66.883675
1953-06-30,11291.317880187,-5000,66.883675,73.48547
1953-07-31,15937.5,-8454.80937641302,73.48547,74.0994
1953-08-31,14375,-11249.5126385253,74.0994,73.94921
1953-09-30,6431.35986328125,-9184.33588116612,73.94921,79.707436
1953-10-31,10781.25,-2578.59110136323,79.707436,80.02197
1953-11-30,4500,-7140.85790471,80.02197,83.96783
1953-12-31,4500,-6409.49203305749,83.96783,88.37881
1954-01-31,21169.5459046707,-3645.16129032258,88.37881,74.41655
1954-02-28,49106.9982274176,-4156.25,74.41655,57.708
1954-03-31,35842.5883715482,-3500,57.708,58.847244
1954-04-30,32876.9719359819,-2529.24507168051,58.847244,60.086548
1954-05-31,14637.0054636367,-2201.91993446283,60.086548,68.30296
1954-06-30,8101.17296537095,-4689.4333333128,68.30296,78.34283
1954-07-31,17500,-10141.2030168659,78.34283,74.09027
1954-08-31,13750,-10886.4491911237,74.09027,74.01668
1954-09-30,6301.24606576676,-3459.38833926251,74.01668,79.97261
1954-10-31,10937.5,-3833.67609146145,79.97261,80.072556
1954-11-30,5907.23866156807,-9027.8686039921,80.072556,82.73527
1954-12-31,16985.9113635482,-5290.32258064516,82.73527,74.60278
1955-01-31,18143.7266411964,-4516.12903225806,74.60278,68.03877
1955-02-28,10156.25,-4243.93326819809,68.03877,73.96082
1955-03-31,7699.4861385902,-3193.53338471351,73.96082,80.26353
1955-04-30,12501.9213274352,-1504.3402052917,80.26353,77.57344
1955-05-31,9991.38273683978,-473.77134467782,77.57344,78.04819
1955-06-30,7673.3335,-4973.31957671146,78.04819,81.54151
1955-07-31,5514.03881452244,-4495.57803717653,81.54151,85.694824
1955-08-31,4237.44348750972,-3885.83161218927,85.694824,89.33848
1955-09-30,3000,-4860.20733838857,89.33848,91.554085
1955-10-31,4000,-3898.57926955411,91.554085,92.79231
1955-11-30,5360.07532438221,-3529.5746483756,92.79231,92.27311
1955-12-31,106331.472090685,-5270.01342902023,92.27311,55.50683
1956-01-31,187084.364152222,-342.712817829991,55.50683,51.44004
1956-02-29,96816.0677345483,-4482.75862068965,51.44004,52.916832
1956-03-31,40097.03712567,-3500,52.916832,57.55932
1956-04-30,18642.4835408149,-1153.73718704917,57.55932,65.246414
1956-05-31,21688.439649638,-2470.22841865927,65.246414,65.48534
1956-06-30,8187.95706947853,-4232.18804472098,65.48534,75.545525
1956-07-31,15468.75,-8466.43142455876,75.545525,73.95947
1956-08-31,11708.6278038893,-10339.244701818,73.95947,73.736824
1956-09-30,6875,-5843.79205769094,73.736824,80.09143
1956-10-31,10312.5,-2900.79089028845,80.09143,79.92214
1956-11-30,4500,-8682.10466919744,79.92214,84.48816
1956-12-31,5814.17495818287,-8170.34886512245,84.48816,87.34188
1957-01-31,10344.8496768942,-4112.89840312857,87.34188,84.66764
1957-02-28,16388.8749338389,-4156.25,84.66764,75.74781
1957-03-31,36108.426156651,-3500,75.74781,60.737682
1957-04-30,13938.0172140305,-1766.13549798833,60.737682,68.27349
1957-05-31,21691.396854913,-1970.09684958135,68.27349,67.00644
1957-06-30,6750,-5000,67.00644,77.126884
1957-07-31,8891.48604032151,-10880.9365692538,77.126884,82.06029
1957-08-31,4123.02615566572,-9438.82852611794,82.06029,85.94415
1957-09-30,4501.95081329864,-7220.78774473284,85.94415,89.00362
1957-10-31,18927.216147728,-1317.35955677283,89.00362,74.81776
1957-11-30,4500,-8761.17564657185,74.81776,80.20667
1957-12-31,21307.3068217846,-5290.32258064517,80.20667,71.50047
1958-01-31,36947.0927645611,-4516.12903225806,71.50047,59.89525
1958-02-28,213701.103965938,-4156.25,59.89525,50.864376
1958-03-31,113257.692340116,-3500,50.864376,52.64799
1958-04-30,99068.6589598787,-1452.72206379361,52.64799,53.04897
1958-05-31,30470.0753155359,-1134.13480630468,53.04897,59.9675
1958-06-30,10462.1916714943,-5000,59.9675,71.72403
1958-07-31,14218.75,-9437.11816573157,71.72403,73.981926
1958-08-31,12187.5,-8303.80371207972,73.981926,73.93196
1958-09-30,6562.5,-8714.76513991607,73.93196,80.07861
1958-10-31,10625,-4093.71350324679,80.07861,79.93184
1958-11-30,4500,-8847.05986746304,79.93184,84.31763
1958-12-31,5384.78111537465,-5816.63815237245,84.31763,88.75
1959-01-31,25215.098869401,-3645.16129032257,88.75,70.60822
1959-02-28,54087.5394163593,-4156.25,70.60822,56.55206
1959-03-31,14540.6633583574,-3500,56.55206,66.90833
1959-04-30,10653.4355622399,-2341.7959636382,66.90833,76.06341
1959-05-31,11175.5745318246,-2524.04887006409,76.06341,77.899185
1959-06-30,7100,-5000,77.899185,81.30993
1959-07-31,10031.7917837389,-10818.4513275538,81.30993,81.618
1959-08-31,4000,-8092.87195966114,81.618,86.06258
1959-09-30,5537.83881992804,-8381.39157699053,86.06258,87.14819
1959-10-31,4000,-4051.45458487726,87.14819,88.33837
1959-11-30,4500,-3304.94088025789,88.33837,91.65695
1959-12-31,5338.21869895459,-2469.75042589591,91.65695,92.26005
1960-01-31,11404.6156526986,-2694.15895723234,92.26005,85.82822
1960-02-29,34139.3647237166,-4445.51724137931,85.82822,63.34387
1960-03-31,19071.8565248717,-3935,63.34387,64.82158
1960-04-30,15180.9372407537,-2111.47431125967,64.82158,69.85448
1960-05-31,7921.55778907037,-2469.13676086214,69.85448,78.51945
1960-06-30,7100,-5000,78.51945,83.21536
1960-07-31,5654.92764386082,-11459.365440535,83.21536,85.048485
1960-08-31,3730.27271062185,-4779.42909833771,85.048485,89.83608
1960-09-30,3510.92117437894,-4493.66381720946,89.83608,92.05119
1960-10-31,4000,-3931.46584868016,92.05119,92.03608
1960-11-30,7334.06614857655,-5435.75755637128,92.03608,90.25586
1960-12-31,10713.3749540984,-5290.32258064516,90.25586,82.90193
1961-01-31,7813.67886861151,-5000,82.90193,82.43354
1961-02-28,29450.0486701757,-4316.42857142857,82.43354,66.05053
1961-03-31,14188.3895933939,-3935,66.05053,68.178314
1961-04-30,10397.6951865597,-1936.67618901051,68.178314,75.97156
1961-05-31,9280.14898126336,-2333.43538143458,75.97156,79.86776
1961-06-30,7100,-5000,79.86776,82.67183
1961-07-31,5000,-7629.56732101353,82.67183,85.99978
1961-08-31,3500,-3809.80406140073,85.99978,89.74952
1961-09-30,3291.21518033508,-4770.78722113641,89.74952,92.14461
1961-10-31,4000,-3556.67902810799,92.14461,92.49729
1961-11-30,5308.71724023618,-3120.87256592392,92.49729,92.08587
1961-12-31,10545.2427665511,-5290.32258064516,92.08587,85.56739
1962-01-31,6000,-4450.16464902943,85.56739,85.2482
1962-02-28,71146.1548538479,-4427.32142857143,85.2482,57.330112
1962-03-31,23107.1628398747,-3500,57.330112,62.20637
1962-04-30,13465.1578313648,-2668.11577665771,62.20637,70.24316
1962-05-31,12541.0565098977,-2553.07316478417,70.24316,74.62257
1962-06-30,6875,-5000,74.62257,80.90892
1962-07-31,5000,-10988.7624835845,80.90892,85.58212
1962-08-31,3500,-6451.33509128764,85.58212,88.95037
1962-09-30,3672.83557504433,-5415.67906830714,88.95037,91.57954
1962-10-31,34843.6637795863,-10113.5361208443,91.57954,65.63738
1962-11-30,4500,-10204.8181373004,65.63738,76.88968
1962-12-31,25357.0535010625,-5290.32258064516,76.88968,68.58165
1963-01-31,13539.6874341248,-4516.12903225806,68.58165,69.60566
1963-02-28,84068.0272181101,-4033.03571428571,69.60566,54.773777
1963-03-31,24301.2883992578,-3500,54.773777,61.87051
1963-04-30,93609.7643841698,-3357.56535845028,61.87051,53.765682
1963-05-31,25825.3216759153,-2386.87538324517,53.765682,61.580643
1963-06-30,9000,-5000,61.580643,73.972755
1963-07-31,14687.5,-7868.50817629224,73.972755,74.05574
1963-08-31,11875,-11385.2486937918,74.05574,74.04645
1963-09-30,6875,-6902.3594738287,74.04645,79.99937
1963-10-31,10000,-3705.31118628405,79.99937,80.05954
1963-11-30,14030.4457644904,-9039.96011996846,80.05954,75.408806
1963-12-31,4500,-10071.6544394166,75.408806,82.34689
1964-01-31,21327.4029668861,-3645.16129032257,82.34689,72.247284
1964-02-29,9211.4385170407,-4438.57897253775,72.247284,74.00098
1964-03-31,8387.3724003911,-3500,74.00098,80.00289
1964-04-30,10967.6744037871,-2076.93790568537,80.00289,78.68175
1964-05-31,9458.15683070977,-2539.06670216373,78.68175,79.6642
1964-06-30,7100,-5000,79.6642,82.55695
1964-07-31,5613.1913911484,-9768.10820380246,82.55695,86.33738
1964-08-31,4513.15269498063,-5050.88414698965,86.33738,89.75468
1964-09-30,3000,-5313.40734165772,89.75468,91.82407
1964-10-31,4060.83327000026,-4070.29535136032,91.82407,92.492
1964-11-30,8330.17971078498,-5954.32061816595,92.492,88.50208
1964-12-31,97975.189895092,-5290.32258064516,88.50208,55.286922
1965-01-31,134600.728825154,-4516.12903225806,55.286922,52.13659
1965-02-28,36792.6640308531,-4464.28571428572,52.13659,58.23657
1965-03-31,14134.9279521544,-3500,58.23657,67.81854
1965-04-30,44116.2979008212,-1460.78186388616,67.81854,59.04004
1965-05-31,16191.8045938699,-2554.92820926202,59.04004,66.62613
1965-06-30,7040.90223553102,-3878.18049229769,66.62613,78.784325
1965-07-31,16562.5,-7111.46903748689,78.784325,73.95517
1965-08-31,11093.75,-11077.984535737,73.95517,74.02862
1965-09-30,7187.5,-5652.22213100418,74.02862,80.03904
1965-10-31,9843.75,-4254.81844640025,80.03904,79.99711
1965-11-30,11973.5563970894,-7776.51445224737,79.99711,77.30901
1965-12-31,6238.92279517422,-9288.40874242151,77.30901,81.54395
1966-01-31,28676.7710660696,-3645.16129032258,81.54395,66.11956
1966-02-28,27256.3357920126,-4033.03571428571,66.11956,62.29712
1966-03-31,20368.3958934087,-3500,62.29712,64.99831
1966-04-30,12652.0747998082,-2179.50684084319,64.99831,71.2654
1966-05-31,10625.5062530524,-2049.98602162852,71.2654,77.078384
1966-06-30,7100,-5000,77.078384,81.7648
1966-07-31,9441.85041565902,-11289.903317922,81.7648,82.43853
1966-08-31,4000,-9598.54721905914,82.43853,86.79455
1966-09-30,3182.03646603755,-5308.11945470069,86.79455,90.724724
1966-10-31,4000,-4045.3165659933,90.724724,92.04771
1966-11-30,7923.86012383242,-7735.00850836717,92.04771,88.88308
1966-12-31,36271.9026003375,-5290.32258064516,88.88308,63.85108
1967-01-31,56323.2005846211,-4516.12903225806,63.85108,55.695446
1967-02-28,55012.1823615597,-4464.28571428569,55.695446,55.501354
1967-03-31,56125.623017036,-3500,55.501354,55.36309
1967-04-30,58238.2776503124,-3529.4449694367,55.36309,55.1746
1967-05-31,42998.4543356565,-1134.13480630468,55.1746,57.26538
1967-06-30,19053.9186889798,-5000,57.26538,64.87743
1967-07-31,10468.75,-7355.63422048089,64.87743,73.993095
1967-08-31,14307.3507080078,-6946.86236844671,73.993095,73.43955
1967-09-30,6870.73719684544,-5726.14906017063,73.43955,78.84016
1967-10-31,10000,-4670.02830632517,78.84016,80.048416
1967-11-30,4674.12319967219,-9564.2546870481,80.048416,84.33322
1967-12-31,6490.23724168301,-7994.158019604,84.33322,86.53344
1968-01-31,23336.3235831118,-3645.16129032258,86.53344,71.4136
1968-02-29,53419.6693817258,-4172.41379310345,71.4136,56.812504
1968-03-31,33150.3508309643,-3500,56.812504,59.359283
1968-04-30,10706.3694430588,-2435.37116973552,59.359283,71.279655
1968-05-31,9117.4126898877,-2487.05342551274,71.279655,79.707115
1968-06-30,7850.84134196567,-5000,79.707115,83.50451
1968-07-31,10673.2991520654,-11264.2682714813,83.50451,81.236855
1968-08-31,4000,-11255.0633228661,81.236855,84.81676
1968-09-30,3000,-5838.01772381278,84.81676,89.23669
1968-10-31,4000,-4771.03331808435,89.23669,91.321884
1968-11-30,6259.56241886386,-4936.43876395472,91.321884,90.95386
1968-12-31,21994.8014966302,-5290.32258064516,90.95386,74.02252
1969-01-31,151925.425892211,-4516.12903225806,74.02252,52.547775
1969-02-28,165692.85348066,2584.54151749774,52.547775,51.965664
1969-03-31,64107.4640018371,-255.40865130291,51.965664,54.50521
1969-04-30,46353.4037334869,-190.230764647282,54.50521,56.58263
1969-05-31,38920.1371868121,2575.96975110492,56.58263,58.43284
1969-06-30,14865.1423835582,-2552.6057429149,58.43284,67.464584
1969-07-31,12187.5,-7284.05079299405,67.464584,74.02529
1969-08-31,13138.8824462891,-7166.6100032858,74.02529,73.769135
1969-09-30,7618.05555566667,-4439.48701768008,73.769135,78.53477
1969-10-31,9687.5,-5636.2486310147,78.53477,79.964165
1969-11-30,4906.311893519,-9328.88398538903,79.964165,84.1747
1969-12-31,50371.018154737,-5290.32258064516,84.1747,60.064228
1970-01-31,229946.018069208,-3989.66188158053,60.064228,50.43466
1970-02-28,82542.7682879075,-4464.28571428571,50.43466,53.3716
1970-03-31,36459.8516432038,-3500,53.3716,58.430443
1970-04-30,14724.855121659,-2666.56206598115,58.430443,67.52465
1970-05-31,9357.38664962206,-2642.09841129774,67.52465,77.18167
1970-06-30,9894.51778638275,-4689.4333333128,77.18167,79.84558
1970-07-31,15000,-7888.17586829815,79.84558,74.00663
1970-08-31,11718.75,-10872.4697490027,74.00663,73.97337
1970-09-30,6906.56970407063,-4637.22350212815,73.97337,79.831436
1970-10-31,10000,-4178.85796856619,79.831436,80.0413
1970-11-30,13691.4039445434,-8455.35039195767,80.0413,75.56461
1970-12-31,60906.399012268,-5290.32258064516,75.56461,56.790024
1971-01-31,51218.9518892233,-4516.12903225806,56.790024,55.95999
1971-02-28,23269.7167864341,-4464.28571428571,55.95999,62.58374
1971-03-31,45534.4398926854,-3500,62.58374,57.843575
1971-04-30,21009.254637279,-2724.93600685676,57.843575,63.99423
1971-05-31,19821.0363776817,-1964.51281870859,63.99423,66.196724
1971-06-30,6800.35378779246,-4689.4333333128,66.196724,77.31993
1971-07-31,16250,-9344.51328683142,77.31993,73.95478
1971-08-31,11420.1020507812,-11531.0965943252,73.95478,73.67863
1971-09-30,7187.5,-8251.33392016498,73.67863,79.93068
1971-10-31,9921.875,-2613.28019880258,79.93068,80.059586
1971-11-30,4500,-6284.92718355811,80.059586,84.57131
1971-12-31,14786.4407043056,-5290.32258064516,84.57131,77.9061
1972-01-31,12392.330369657,-4516.12903225806,77.9061,74.17607
1972-02-29,15635.1942065572,-4172.41379310345,74.17607,71.33336
1972-03-31,18300.0724929204,-3500,71.33336,67.825645
1972-04-30,11532.8058688049,-1917.02428504933,67.825645,73.213
1972-05-31,10336.0962007103,-2776.51353938253,73.213,78.02012
1972-06-30,7219.82144284874,-5000,78.02012,81.61607
1972-07-31,9669.68100806121,-11134.3209349652,81.61607,81.94108
1972-08-31,4000,-6591.67279768025,81.94108,86.43747
1972-09-30,3000,-6620.36177688442,86.43747,89.81167
1972-10-31,4496.8306296048,-5587.98895443544,89.81167,91.035065
1972-11-30,12297.456817327,-8263.63730216061,91.035065,83.51772
1972-12-31,25630.7583209346,-5290.32258064516,83.51772,66.65598
1973-01-31,87064.6001751527,-4516.12903225806,66.65598,53.896927
1973-02-28,100590.700829164,-4033.03571428571,53.896927,53.01011
1973-03-31,61019.5557196704,-3500,53.01011,54.68462
1973-04-30,16948.5949085838,-1712.22397461179,54.68462,65.075066
1973-05-31,11435.9108092671,-2345.73230618828,65.075066,74.299126
1973-06-30,8997.39548664552,-4689.4333333128,74.299126,79.374954
1973-07-31,17343.75,-7387.90027470686,79.374954,73.98995
1973-08-31,13750,-10086.8136618282,73.98995,74.09868
1973-09-30,7379.50839477214,-4025.92011232108,74.09868,78.932014
1973-10-31,10312.5,-5570.19107236202,78.932014,79.98666
1973-11-30,38881.0384506032,-8553.40122656343,79.98666,61.72368
1973-12-31,80379.9665010301,-5290.32258064516,61.72368,53.880016
1974-01-31,144453.738791418,-4516.12903225806,53.880016,52.050205
1974-02-28,47878.6197006834,-4464.28571428571,52.050205,56.206245
1974-03-31,114217.149879422,-3500,56.206245,52.950035
1974-04-30,61947.2774477675,-3995,52.950035,54.61887
1974-05-31,17232.4680356609,-2285.1482705993,54.61887,65.25376
1974-06-30,7346.52761113333,-4339.40929094383,65.25376,77.69739
1974-07-31,16250,-9737.80668483331,77.69739,73.9065
1974-08-31,11576.3121337891,-11338.6829186697,73.9065,73.57846
1974-09-30,6875,-7310.56467897146,73.57846,79.95312
1974-10-31,10156.25,-4508.9132089115,79.95312,80.023155
1974-11-30,4500,-8706.07238566744,80.023155,84.48742
1974-12-31,7234.96440271562,-7888.65907082027,84.48742,85.86285
1975-01-31,6719.56404174736,-5000,85.86285,86.83894
1975-02-28,57842.1082622423,-4156.25,86.83894,59.442482
1975-03-31,87905.3004404706,-3500,59.442482,53.566795
1975-04-30,30732.9303414345,-1383.16348346827,53.566795,59.838886
1975-05-31,22487.9896180536,-1985.4962851567,59.838886,64.0039
1975-06-30,9829.86111113333,-4693.80277775753,64.0039,73.817825
1975-07-31,16093.75,-7637.25607677929,73.817825,74.024796
1975-08-31,14545.0070800781,-11304.1797867316,74.024796,73.62621
1975-09-30,6093.75,-7782.96909827699,73.62621,80.01608
1975-10-31,11093.75,-4352.03098597497,80.01608,79.957825
1975-11-30,4500,-8013.75845076814,79.957825,84.072754
1975-12-31,4500,-7341.17286016851,84.072754,88.553635
1976-01-31,7004.32718469091,-3207.69624790774,88.553635,88.642296
1976-02-29,7841.3794,-4820,88.642296,86.654655
1976-03-31,10575.1655761868,-3718.29654545976,86.654655,81.6319
1976-04-30,8979.55494048212,-1618.52167015235,81.6319,80.410866
1976-05-31,4715.02502529416,-2156.92857462884,80.410866,85.88787
1976-06-30,4000,-4444.93279332831,85.88787,89.821556
1976-07-31,4000,-4279.89087490028,89.821556,91.90469
1976-08-31,3109.03471132426,-2739.99054352992,91.90469,92.37806
1976-09-30,3000,-4366.57076888799,92.37806,93.3143
1976-10-31,3886.17573200803,-3095.5310710943,93.3143,93.48695
1976-11-30,4738.39488831818,-2039.16323835099,93.48695,93.4348
1976-12-31,5459.16798862893,-1635.60370181257,93.4348,92.4417
1977-01-31,9646.31519700116,-1101.10209277514,92.4417,86.79194
1977-02-28,6812.20301604748,-644.154518171079,86.79194,85.75195
1977-03-31,5696.68696333401,-730.90820410721,85.75195,86.48254
1977-04-30,4000,-520.67088258839,86.48254,90.09707
1977-05-31,6387.62124984109,-1527.87415067913,90.09707,90.20262
1977-06-30,3000,-1814.38597380445,90.20262,91.9211
1977-07-31,3000,-3031.9161915635,91.9211,94.52923
1977-08-31,3000,-2902.86074420419,94.52923,93.91671
1977-09-30,3500.00000000002,-2925.99454286397,93.91671,92.934235
1977-10-31,3000,-1780.39656574752,92.934235,94.04916
1977-11-30,4625.1412216017,-1521.98767967813,94.04916,94.21599
1977-12-31,11957.2192596837,-4811.25143746043,94.21599,85.29094
1978-01-31,72542.4820810728,-4516.12903225806,85.29094,56.072807
1978-02-28,64149.472491759,-4156.25,56.072807,54.46023
1978-03-31,66507.4299231959,-3500,54.46023,54.316452
1978-04-30,42766.5369069472,-273.276020353765,54.316452,57.136436
1978-05-31,16143.4765317438,-3770,57.136436,66.53865
1978-06-30,9797.38885839736,-5000,66.53865,75.82315
1978-07-31,16718.75,-8181.29200950547,75.82315,74.04433
1978-08-31,14128.4811475263,-11446.9671380384,74.04433,73.998405
1978-09-30,7438.19444453333,-5386.05578591341,73.998405,78.786255
1978-10-31,10000,-4528.82440696705,78.786255,80.0902
1978-11-30,5698.46877316442,-9382.72835185956,80.0902,83.78736
1978-12-31,4500,-4664.7013873561,83.78736,87.77933
1979-01-31,21406.3421707908,-5000,87.77933,73.78507
1979-02-28,40664.2346674923,-4316.42857142857,73.78507,59.202663
1979-03-31,28365.308023732,-3935,59.202663,60.989277
1979-04-30,14640.1491353251,-1889.22907908301,60.989277,68.43087
1979-05-31,13544.5655420247,-1674.38097858806,68.43087,73.301834
1979-06-30,8686.667,-5000,73.301834,78.4252
1979-07-31,5000,-8691.92774507696,78.4252,84.219345
1979-08-31,3500,-4544.63835791311,84.219345,88.16768
1979-09-30,3441.50586850538,-5773.51139434847,88.16768,91.40323
1979-10-31,5016.1021566785,-5696.56323312895,91.40323,91.19126
1979-11-30,6755.54219898855,-7330.2282844338,91.19126,89.702
1979-12-31,19186.0493864418,-5290.32258064516,89.702,73.987526
1980-01-31,107026.613219738,-4516.12903225806,73.987526,53.35782
1980-02-29,146669.330921904,435.098317585456,53.35782,52.019665
1980-03-31,58355.1197671116,-1408.57057342853,52.019665,54.934742
1980-04-30,22396.7373756688,-702.660424922365,54.934742,62.724277
1980-05-31,12496.8509320419,-3722.78716369467,62.724277,71.616035
1980-06-30,9267.9007990237,-3182.45927963627,71.616035,78.24723
1980-07-31,17187.5,-7691.97933269368,78.24723,73.90013
1980-08-31,14062.5,-7558.86794332268,73.90013,74.04379
1980-09-30,6637.44915325941,-3860.8354239322,74.04379,79.83003
1980-10-31,10781.25,-4230.094717181,79.83003,79.9506
1980-11-30,4500,-7365.29579669947,79.9506,84.28223
1980-12-31,5560.46749578726,-8620.97371644439,84.28223,87.278435
1981-01-31,21604.8436339669,-3645.16129032258,87.278435,73.10476
1981-02-28,18846.5972002349,-4156.25,73.10476,66.447235
1981-03-31,19677.9172048474,-3935,66.447235,66.20181
1981-04-30,12215.2400098421,-1917.77975330478,66.20181,71.94999
1981-05-31,9232.47682164032,-2257.25765474021,71.94999,79.084274
1981-06-30,7100,-5000,79.084274,82.65213
1981-07-31,6039.77554500156,-9501.6819369958,82.65213,85.837845
1981-08-31,4369.46916105421,-4396.04262731947,85.837845,89.4437
1981-09-30,3000,-5489.64779773334,89.4437,91.69908
1981-10-31,5383.25116364756,-4624.49772626509,91.69908,91.03734
1981-11-30,25043.4479078526,-9274.57089272275,91.03734,70.80507
1981-12-31,99928.1956094778,-5290.32258064516,70.80507,53.556526
1982-01-31,92605.3416168236,-4516.12903225806,53.556526,52.939213
1982-02-28,112203.358161321,-4464.28571428571,52.939213,52.732494
1982-03-31,90430.3024187823,-1777.26506067225,52.732494,53.228672
1982-04-30,132112.077817423,3097.11580656598,53.228672,52.47256
1982-05-31,30759.7849360325,-1142.22212820466,52.47256,59.95574
1982-06-30,9670.34115581809,-4422.24599820012,59.95574,72.48597
1982-07-31,14619.2349853516,-9879.74237361032,72.48597,73.73797
1982-08-31,12031.25,-8957.67557900018,73.73797,73.951324
1982-09-30,8924.34121743112,-8214.33898518701,73.951324,77.81567
1982-10-31,21512.7739959031,-7014.89269242127,77.81567,68.39697
1982-11-30,38689.8364647623,-4611.37389908458,68.39697,59.63261
1982-12-31,94364.4199089031,-1212.03279953272,59.63261,53.281967
1983-01-31,108272.27323162,3282.34491059751,53.281967,52.583748
1983-02-28,213582.29012971,12225.4773950365,52.583748,50.701885
1983-03-31,287500.741975371,20141.2052952918,50.701885,49.460182
1983-04-30,86185.5145130458,3661.68787995834,49.460182,53.363213
1983-05-31,62634.0545918174,4860.10784202745,53.363213,54.53729
1983-06-30,33554.0903530342,603.876734563166,54.53729,59.285778
1983-07-31,10946.4760503957,-8787.89997233761,59.285778,71.0169
1983-08-31,13437.5,-9303.52335679469,71.0169,73.98562
1983-09-30,16124.3149715831,-7815.82342859287,73.98562,70.37202
1983-10-31,12111.8879461228,-6995.27385802444,70.37202,73.14572
1983-11-30,82165.5830387548,629.672074414048,73.14572,55.256615
1983-12-31,199733.347469111,8387.27502468416,55.256615,50.620174
1984-01-31,56446.8101045033,-3190.1142103387,50.620174,55.29605
1984-02-29,36997.3641260772,-4482.75862068965,55.29605,58.521004
1984-03-31,34511.2618909422,-3500,58.521004,59.55522
1984-04-30,15666.2957603058,-2098.46226558373,59.55522,67.02449
1984-05-31,11832.411472491,-2200.16212510901,67.02449,74.35125
1984-06-30,8484.84544748138,-4689.4333333128,74.35125,79.62904
1984-07-31,15781.25,-7773.15043178955,79.62904,74.00479
1984-08-31,11406.25,-10507.2072529657,74.00479,74.038185
1984-09-30,7656.37002232379,-4304.13718683206,74.038185,79.5669
1984-10-31,9687.5,-5228.89560186525,79.5669,80.05025
1984-11-30,17415.4315348978,-8839.1538149119,80.05025,72.09182
1984-12-31,20122.964048603,-5290.32258064517,72.09182,66.71931
1985-01-31,8584.0151655782,-5000,66.71931,75.56655
1985-02-28,12994.4397460306,-4625,75.56655,76.10765
1985-03-31,12647.2997356019,-3500,76.10765,73.80312
1985-04-30,9027.77948037433,-1963.40920767504,73.80312,78.035194
1985-05-31,11779.3521640871,-2221.34982344961,78.035194,78.07917
1985-06-30,7100.24994227532,-5000,78.07917,81.15043
1985-07-31,6570.61847572404,-6552.98344270653,81.15043,85.120636
1985-08-31,4000,-5331.32826433184,85.120636,88.9788
1985-09-30,3307.77999187986,-6665.2720217972,88.9788,91.39741
1985-10-31,4839.94947956945,-5031.58147780847,91.39741,91.473206
1985-11-30,6834.18191239369,-4530.5889285696,91.473206,89.53533
1985-12-31,8968.51105240694,-7474.70462049708,89.53533,85.61925
1986-01-31,25885.5689204239,-3645.16129032258,85.61925,67.66534
1986-02-28,262566.656620426,13354.2143915622,67.66534,50.01933
1986-03-31,136095.388826838,2888.54927622053,50.01933,52.37966
1986-04-30,24054.2279768523,-498.7268331815,52.37966,61.73555
1986-05-31,13037.574550194,-3417.06250504616,61.73555,70.57346
1986-06-30,9389.87100033313,-4533.239,70.57346,77.74041
1986-07-31,15000,-7111.21442693652,77.74041,74.03646
1986-08-31,11562.5,-7465.26451192197,74.03646,74.04863
1986-09-30,8219.44444453333,-4300.45404345423,74.04863,78.686485
1986-10-31,9062.5,-3008.14208599599,78.686485,80.09673
1986-11-30,4500,-7875.73376170179,80.09673,85.14267
1986-12-31,4817.83066069092,-5585.72507030855,85.14267,88.57002
1987-01-31,13225.4429405111,-1523.43816371776,88.57002,83.09535
1987-02-28,19360.4005186879,-4316.42857142857,83.09535,69.6539
1987-03-31,23282.1621011651,-3935,69.6539,64.34654
1987-04-30,11602.649417967,-2372.24199888396,64.34654,71.6509
1987-05-31,9134.33539820072,-2645.13065929635,71.6509,79.30611
1987-06-30,7100,-4793.22842523153,79.30611,82.62596
1987-07-31,5000,-5745.51521866086,82.62596,85.778725
1987-08-31,3500,-4279.73241770282,85.778725,89.965096
1987-09-30,3000,-4267.55427124972,89.965096,92.403114
1987-10-31,4000,-2147.41710267889,92.403114,92.752014
1987-11-30,5799.7730388391,-1543.12949099468,92.752014,91.51418
1987-12-31,15170.0960521844,-5290.32258064516,91.51418,80.43388
1988-01-31,24824.7499152471,-4516.12903225806,80.43388,65.8141
1988-02-29,18508.621,-1350.0236455313,65.8141,66.20086
1988-03-31,8174.5967,-1852.25787236441,66.20086,76.1345
1988-04-30,8447.91647496768,-1129.29096229064,76.1345,81.12172
1988-05-31,7100,-1899.52631315294,81.12172,83.14098
1988-06-30,7100,-2990.82359922415,83.14098,84.29192
1988-07-31,4000,-4767.82731725824,84.29192,87.95286
1988-08-31,3000,-3675.77456329738,87.95286,91.73588
1988-09-30,3000,-4418.87378135663,91.73588,93.14818
1988-10-31,3325.04319309796,-1257.47143565801,93.14818,94.02505
1988-11-30,6254.97451408729,-4317.59892528165,94.02505,91.87983
1988-12-31,7622.29920410284,-4028.36021923088,91.87983,88.44291
1989-01-31,7420.79107766973,-5000,88.44291,86.985664
1989-02-28,11762.2494521659,-604.659006421421,86.985664,82.12886
1989-03-31,46097.2931881036,-4625,82.12886,59.598522
1989-04-30,19217.5944245377,-2247.47200379489,59.598522,64.58737
1989-05-31,11442.2777303519,-2828.64025270992,64.58737,73.50092
1989-06-30,7100,-5000,73.50092,81.183136
1989-07-31,5000,-9559.83998546895,81.183136,85.321945
1989-08-31,3500,-4264.3627077421,85.321945,88.74952
1989-09-30,5108.69585124304,-8873.88681203178,88.74952,90.002
1989-10-31,4694.88066533678,-5973.41257341808,90.002,89.0859
1989-11-30,4906.79513734952,-3559.43214983519,89.0859,90.963524
1989-12-31,5364.821632555,-2274.62824014692,90.963524,91.088905
1990-01-31,15729.7530229691,-3645.16129032258,91.088905,80.49358
1990-02-28,11817.1394581242,-4375.33102822952,80.49358,74.147026
1990-03-31,8287.20064437426,-3851.88479055959,74.147026,79.31665
1990-04-30,5603.89181559103,-658.579427643693,79.31665,84.1925
1990-05-31,7994.93594916237,-1828.43818840841,84.1925,85.30102
1990-06-30,3000,-1517.81514301117,85.30102,89.14101
1990-07-31,3000,-1915.51536425131,89.14101,92.94941
1990-08-31,3000,-1879.56833692227,92.94941,93.497246
1990-09-30,3500,-2818.94043459536,93.497246,92.76397
1990-10-31,3000,-3206.56696986496,92.76397,94.05256
1990-11-30,4896.55818767791,-2134.65358256611,94.05256,93.829865
1990-12-31,8316.25623524079,-649.343317206537,93.829865,89.549866
1991-01-31,4500,-2135.72735873321,89.549866,90.04005
1991-02-28,8129.05367742084,-3129.46701699561,90.04005,87.91195
1991-03-31,32441.0314872963,-4625,87.91195,65.09543
1991-04-30,7830.18489907512,-1669.79841081915,65.09543,73.74857
1991-05-31,5151.55952679072,-2043.93225357189,73.74857,85.83252
1991-06-30,3000,-1755.82455715766,85.83252,89.72133
1991-07-31,3000,-2075.42949581445,89.72133,92.7495
1991-08-31,3000,-2015.118756201,92.7495,93.27793
1991-09-30,3496.36371493585,-2619.49939959598,93.27793,93.00057
1991-10-31,3000,-2830.75788394695,93.00057,94.06196
1991-11-30,5701.01953433355,-1265.08185990029,94.06196,92.78367
1991-12-31,6167.11688925783,-2448.31560752411,92.78367,91.10523
1992-01-31,6984.50828226535,-4006.23700624017,91.10523,88.94527
1992-02-29,37376.2624389642,-4445.51724137931,88.94527,64.50975
1992-03-31,17929.7807277364,-4625,64.50975,65.25033
1992-04-30,7130.19041219463,-1559.4426245389,65.25033,77.75827
1992-05-31,4023.7845759584,-2033.00390663178,77.75827,87.08204
1992-06-30,3000,-1666.21488617734,87.08204,90.5585
1992-07-31,3000,-2052.94906962445,90.5585,93.34399
1992-08-31,3000,-2062.70187226211,93.34399,93.443756
1992-09-30,3902.99999999998,-3058.68463254966,93.443756,92.81619
1992-10-31,3000,-3694.23969047306,92.81619,93.87122
1992-11-30,4764.52914965536,-728.590537638673,93.87122,93.66895
1992-12-31,14902.3619850496,-5290.32258064516,93.66895,81.78873
1993-01-31,74591.9179626428,-4516.12903225806,81.78873,55.41427
1993-02-28,64016.0041869019,-4033.03571428571,55.41427,54.492226
1993-03-31,67520.1493390747,-3500,54.492226,54.301468
1993-04-30,32698.7295377272,-2189.18690436501,54.301468,59.481266
1993-05-31,21250.3008718007,-2999.04885383061,59.481266,64.3462
1993-06-30,13742.8830018766,-5000,64.3462,70.431885
1993-07-31,15207.3032071491,-9471.19697590917,70.431885,73.960724
1993-08-31,14857.5375976563,-11357.1534270072,73.960724,73.70184
1993-09-30,5962.59649658203,-9449.19943875872,73.70184,79.772194
1993-10-31,11250,-4468.61215327736,79.772194,79.96282
1993-11-30,5622.15814409533,-9483.92610042576,79.96282,82.81312
1993-12-31,6464.64144208698,-9018.20469501438,82.81312,85.61576
1994-01-31,7931.46595455525,-5000,85.61576,85.54894
1994-02-28,21802.2470641723,-4316.42857142857,85.54894,71.78392
1994-03-31,9687.5,-3372.48863613382,71.78392,74.01177
1994-04-30,10363.7452504304,-1783.84913228952,74.01177,78.85934
1994-05-31,7303.15249993686,-2104.94276240132,78.85934,81.973854
1994-06-30,7100,-4442.77332787163,81.973854,83.783134
1994-07-31,4000,-5448.15651329927,83.783134,87.34779
1994-08-31,3000,-4063.33209392542,87.34779,91.14309
1994-09-30,3000,-3727.39973571958,91.14309,92.779785
1994-10-31,3229.14502036892,-2795.22391071013,92.779785,93.98173
1994-11-30,6875.78702459314,-2579.74740662561,93.98173,91.74966
1994-12-31,8262.16942838249,-7589.48243877984,91.74966,87.70094
1995-01-31,136995.596049509,-3645.16129032258,87.70094,53.99811
1995-02-28,60490.6527563667,-4464.28571428572,53.99811,54.70096
1995-03-31,203342.408840033,-3395.54752985862,54.70096,51.466747
1995-04-30,63281.2417709664,-3995,51.466747,54.630306
1995-05-31,70480.9217019757,44.4461059133231,54.630306,54.02264
1995-06-30,25567.3959159973,-4262.18219030251,54.02264,61.674572
1995-07-31,9062.5,-9065.10777790027,61.674572,74.01072
1995-08-31,14375,-7535.61181565566,74.01072,73.97194
1995-09-30,7305.55555566667,-8569.95640450848,73.97194,78.50437
1995-10-31,10156.25,-4712.72140711783,78.50437,79.96661
1995-11-30,4500,-10003.8779792307,79.96661,84.652336
1995-12-31,29591.6832187578,-5290.32258064516,84.652336,66.641914
1996-01-31,42899.1037997838,-4516.12903225806,66.641914,58.03405
1996-02-29,146325.092552053,-4048.27586206897,58.03405,52.216366
1996-03-31,73804.557227451,-3500,52.216366,53.759937
1996-04-30,36413.4099521695,-1032.62692696003,53.759937,58.25387
1996-05-31,45492.1570334753,-1322.01378847352,58.25387,57.18208
1996-06-30,7383.75,-4904.94520081084,57.18208,73.28756
1996-07-31,16250,-7672.85353282243,73.28756,73.98327
1996-08-31,11292.2119140625,-11313.3632818447,73.98327,73.98918
1996-09-30,7187.5,-8992.46812082061,73.98918,80.057655
1996-10-31,10156.25,-4441.20577579874,80.057655,79.99422
1996-11-30,6976.53626897238,-8729.80681594074,79.99422,82.20958
1996-12-31,109840.125498799,-1971.61213458415,82.20958,54.044037
1997-01-31,300314.452396213,24773.7696679866,54.044037,48.81906
1997-02-28,70944.5957882735,93.5918059970996,48.81906,54.121784
1997-03-31,20915.2149680426,-3500,54.121784,63.13734
1997-04-30,14113.118355427,-1573.77668216054,63.13734,69.94387
1997-05-31,10486.7287582582,-2373.4148539042,69.94387,76.717186
1997-06-30,9639.84409831245,-4550.15859344443,76.717186,79.37041
1997-07-31,15156.25,-10264.1296245171,79.37041,73.98262
1997-08-31,11875,-10955.6869671094,73.98262,73.93542
1997-09-30,7834.65815053705,-4625.50908260577,73.93542,79.07907
1997-10-31,9687.5,-4638.3412499401,79.07907,79.93369
1997-11-30,8076.46231713627,-8916.17606013286,79.93369,81.44121
1997-12-31,16003.2842664756,-5290.32258064517,81.44121,74.41013
1998-01-31,84310.634107725,-4516.12903225806,74.41013,54.494312
1998-02-28,294888.698068042,3672.51112033927,54.494312,49.187477
1998-03-31,97509.7601470959,-3500,49.187477,52.93989
1998-04-30,49126.4115387538,-2942.13851056579,52.93989,55.94639
1998-05-31,65845.9703405223,42.4257614457227,55.94639,54.352097
1998-06-30,48050.0734465232,-1977.73394189566,54.352097,56.027813
1998-07-31,13016.1587741936,-8171.53030085068,56.027813,68.26709
1998-08-31,12343.75,-9432.13866751962,68.26709,74.043304
1998-09-30,13254.9169687328,-8151.84825191077,74.043304,73.499626
1998-10-31,11481.3454692478,-8852.08045518086,73.499626,75.248764
1998-11-30,26151.5803977701,-8777.83527557341,75.248764,65.74937
1998-12-31,34468.020165731,-5290.32258064516,65.74937,60.289513
1999-01-31,41910.9203833126,-4516.12903225807,60.289513,58.104115
1999-02-28,129541.143624091,-4033.03571428571,58.104115,52.515167
1999-03-31,68782.8338577242,-3500,52.515167,54.03133
1999-04-30,23444.9540736627,-2366.95536496433,54.03133,62.130375
1999-05-31,14978.5142872098,-2058.82411840934,62.130375,69.21447
1999-06-30,7898.61111113333,-4693.80277775753,69.21447,78.21879
1999-07-31,15937.5,-7774.8150442194,78.21879,73.94836
1999-08-31,11576.2982177734,-11355.2366995096,73.94836,73.71699
1999-09-30,7031.25,-6114.79997718674,73.71699,80.024445
1999-10-31,10156.25,-5472.23217765038,80.024445,79.99642
1999-11-30,5574.47345235642,-9253.53050130704,79.99642,83.59732
1999-12-31,4500,-5325.70651711629,83.59732,87.909836
2000-01-31,23913.0684899282,-3645.16129032258,87.909836,71.601364
2000-02-29,130923.506491229,-4172.41379310345,71.601364,53.102768
2000-03-31,84635.7423454248,-3500,53.102768,53.336758
2000-04-30,19881.0262944985,-1128.99604000855,53.336758,63.29462
2000-05-31,13125.434451795,-2126.17815946183,63.29462,71.640976
2000-06-30,7921.53757563684,-4689.4333333128,71.640976,79.344124
2000-07-31,17812.5,-7953.01130739773,79.344124,73.99495
2000-08-31,14062.5,-11341.5455663586,73.99495,73.92798
2000-09-30,6994.60729201475,-4018.48704064001,73.92798,79.219604
2000-10-31,10312.5,-4184.51346649707,79.219604,80.01673
2000-11-30,4500,-7787.33587729372,80.01673,84.62623
2000-12-31,4500,-5467.37156046793,84.62623,88.63649
2001-01-31,13018.4868473723,-5000,88.63649,82.75024
2001-02-28,24129.3691910114,-4316.42857142857,82.75024,66.86686
2001-03-31,21216.7761536376,-3935,66.86686,64.71244
2001-04-30,10860.0451905254,-1992.95391150925,64.71244,72.88271
2001-05-31,10394.9668556657,-2263.87705603602,72.88271,78.536705
2001-06-30,7100,-3304.47942482815,78.536705,81.87736
2001-07-31,5493.43709192178,-4871.58880668259,81.87736,86.23893
2001-08-31,3500,-3800.90310560159,86.23893,90.11514
2001-09-30,3035.61337813042,-4917.10695865945,90.11514,92.176186
2001-10-31,4073.72384676285,-3844.79719131822,92.176186,92.85508
2001-11-30,7118.43520101888,-5581.5066390195,92.85508,89.88281
2001-12-31,33061.531607649,-5290.32258064516,89.88281,65.34185
2002-01-31,46878.0901509344,-4516.12903225806,65.34185,57.21625
2002-02-28,17715.7931149403,-4156.25,57.21625,64.967125
2002-03-31,18043.4981365044,-3500,64.967125,67.56517
2002-04-30,10190.2602926917,-2407.66593000056,67.56517,74.48914
2002-05-31,10183.0007152889,-1901.86965187574,74.48914,79.07766
2002-06-30,7100,-5000,79.07766,81.966995
2002-07-31,6712.98290803665,-7017.69200716579,81.966995,84.94053
2002-08-31,4000,-6173.42041886129,84.94053,89.024864
2002-09-30,3045.62009845458,-4922.27576194817,89.024864,91.863754
2002-10-31,4000,-4047.12062581023,91.863754,92.62132
2002-11-30,6176.22598954306,-5010.14033665423,92.62132,91.12124
2002-12-31,42557.3476386225,-5290.32258064516,91.12124,62.984116
2003-01-31,59471.8896839433,-4516.12903225806,62.984116,55.380035
2003-02-28,22971.3347564417,-4033.03571428571,55.380035,62.412296
2003-03-31,19759.396904205,-3500,62.412296,65.74157
2003-04-30,32766.7088325272,-2283.87451167976,65.74157,61.144444
2003-05-31,33300.7118597736,-1987.87391746764,61.144444,60.267494
2003-06-30,8003.81961113333,-4689.4333333128,60.267494,73.87338
2003-07-31,16875,-9938.74043224353,73.87338,73.90091
2003-08-31,14388.7689208984,-11394.8238035092,73.90091,73.58416
2003-09-30,6093.75,-5313.3799185207,73.58416,79.993256
2003-10-31,10937.5,-3768.21180680701,79.993256,80.03946
2003-11-30,4992.15087126927,-7488.86418604326,80.03946,83.6392
2003-12-31,26569.9588283937,-5290.32258064516,83.6392,68.652016
2004-01-31,33196.9529801675,-4516.12903225806,68.652016,60.590744
2004-02-29,95248.9281613207,-4172.41379310345,60.590744,53.54301
2004-03-31,46903.7500437555,-3500,53.54301,56.402637
2004-04-30,14232.1452663368,-2499.8251393104,56.402637,67.141945
2004-05-31,9258.50810557243,-1967.4407226798,67.141945,77.49035
2004-06-30,9598.29435064945,-4689.4333333128,77.49035,80.25508
2004-07-31,17343.75,-11272.241351922,80.25508,73.99583
2004-08-31,14355.193082883,-11486.4458627004,73.99583,73.62215
2004-09-30,6434.97678999789,-4124.6686496271,73.62215,79.455635
2004-10-31,10625,-4440.11971068255,79.455635,80.050934
2004-11-30,4785.8831981403,-7329.91298843697,80.050934,85.45325
2004-12-31,17810.2447697296,-5290.32258064516,85.45325,76.344826
2005-01-31,40238.3789971207,-4516.12903225806,76.344826,59.63802
2005-02-28,29347.4467475926,-4156.25,59.63802,60.942585
2005-03-31,39690.0005636583,-3500,60.942585,58.671036
2005-04-30,24227.7328814069,-534.356619160811,58.671036,62.878624
2005-05-31,44809.3551774498,-3462.63487138911,62.878624,58.028698
2005-06-30,19434.5031532301,-5000,58.028698,64.70969
2005-07-31,6500,-8731.5957812633,64.70969,79.79752
2005-08-31,4000,-10379.4364408396,79.79752,86.62137
2005-09-30,3704.23752505555,-8227.19262470702,86.62137,89.12786
2005-10-31,4000,-7617.14169368358,89.12786,91.62515
2005-11-30,5512.15840492296,-7655.95235051809,91.62515,91.53697
2005-12-31,90416.56509862,-5290.32258064516,91.53697,56.495026
2006-01-31,139720.956807669,-4516.12903225806,56.495026,52.332798
2006-02-28,61111.2733787724,-4464.28571428571,52.332798,54.690266
2006-03-31,133180.055918448,-1648.80917775988,54.690266,52.495693
2006-04-30,147336.850353695,2772.92211020422,52.495693,52.189377
2006-05-31,49346.0025542179,4697.20220480291,52.189377,56.166286
2006-06-30,11331.65,-4123.31570213,56.166286,69.42603
2006-07-31,13281.25,-7764.78319434009,69.42603,73.98011
2006-08-31,12500,-7265.38962007484,73.98011,73.92359
2006-09-30,7682.61710526051,-7463.99192874257,73.92359,78.936424
2006-10-31,9687.5,-5685.55342929651,78.936424,79.91705
2006-11-30,5330.13533176758,-9362.01515421948,79.91705,83.75297
2006-12-31,17006.3027239243,-5290.32258064516,83.75297,74.95365
2007-01-31,6514.85583253039,-5000,74.95365,78.9284
2007-02-28,25189.5693710171,-4156.25,78.9284,68.57491
2007-03-31,13077.6434756959,-3500,68.57491,69.71999
2007-04-30,10616.3686732864,-2162.61700487538,69.71999,76.234566
2007-05-31,10192.7125826837,-2487.22001907455,76.234566,78.61589
2007-06-30,7100,-5000,78.61589,82.00267
2007-07-31,9666.44572351345,-11107.2461745904,82.00267,82.26783
2007-08-31,4000,-8739.52996890841,82.26783,86.57298
2007-09-30,3046.76062009943,-5622.92959277419,86.57298,90.72998
2007-10-31,4000,-4207.85733647474,90.72998,92.47546
2007-11-30,5125.53272302954,-3057.6437235546,92.47546,92.38976
2007-12-31,7517.09243634903,-3660.4676525896,92.38976,89.32272
2008-01-31,28152.1849764038,-3645.16129032258,89.32272,67.66644
2008-02-29,23932.5291285941,-4172.41379310345,67.66644,63.451347
2008-03-31,14279.9079622128,-3935,63.451347,69.162094
2008-04-30,9986.17329446841,-2377.10490918291,69.162094,76.42319
2008-05-31,9337.70440798774,-1067.13566014597,76.42319,79.9006
2008-06-30,7100,-5000,79.9006,82.59022
2008-07-31,5000,-5780.57565929617,82.59022,86.15095
2008-08-31,3771.83254164131,-3624.28463519288,86.15095,90.39773
2008-09-30,3152.59450819006,-4689.23764804465,90.39773,92.37478
2008-10-31,4000,-2032.68023207524,92.37478,92.51693
2008-11-30,5718.36659208031,-2414.85972709634,92.51693,92.14302
2008-12-31,6437.70276446425,-2663.46343446328,92.14302,90.017685
2009-01-31,7800.00337514213,-2458.82510632032,90.017685,87.703186
2009-02-28,27144.4370167161,-4427.32142857143,87.703186,68.91686
2009-03-31,24639.6024805668,-3935,68.91686,63.111786
2009-04-30,16171.0030925481,-2534.67473927797,63.111786,67.91257
2009-05-31,8756.56308100398,-1862.3731487358,67.91257,77.245575
2009-06-30,9511.667,-5000,77.245575,80.47612
2009-07-31,5000,-5291.08403650736,80.47612,83.93415
2009-08-31,3500,-3688.58038160838,83.93415,88.7261
2009-09-30,3000,-4747.81090063928,88.7261,91.732704
2009-10-31,4430.30507224319,-5077.96448238623,91.732704,92.0604
2009-11-30,4500,-3372.56317013635,92.0604,92.78098
2009-12-31,6620.7733653671,-4030.41176373687,92.78098,91.15008
2010-01-31,30091.4987707883,-3645.16129032258,91.15008,68.13576
2010-02-28,31311.9214963419,-4156.25,68.13576,60.7706
2010-03-31,19577.2731721644,-3500,60.7706,64.954926
2010-04-30,27933.2557950222,-1559.18756209058,64.954926,62.905342
2010-05-31,20049.4595625798,-2046.13124433831,62.905342,65.4918
2010-06-30,9290.36273331662,-5000,65.4918,74.97632
2010-07-31,6500,-9693.30228230102,74.97632,83.12521
2010-08-31,4921.07950944854,-10578.360080623,83.12521,86.13607
2010-09-30,4315.29866820811,-9107.19643816994,86.13607,87.87627
2010-10-31,9064.29900227983,-9412.63384846011,87.87627,84.742004
2010-11-30,7330.3163423811,-9108.54593963079,84.742004,83.99596
2010-12-31,70075.2280998869,-5290.32258064516,83.99596,56.847275
2011-01-31,34830.7360904446,-4516.12903225806,56.847275,59.00832
2011-02-28,42138.643113802,-1761.42980046049,59.00832,57.965656
2011-03-31,141762.667829577,2619.76805005672,57.965656,52.46594
2011-04-30,47997.4160883783,-3842.93551786183,52.46594,56.263546
2011-05-31,39876.8794745678,-1198.22641196635,56.263546,58.05227
2011-06-30,31713.7042716781,-5000,58.05227,60.45745
2011-07-31,9037.53861409797,-9698.99228080467,60.45745,72.94796
2011-08-31,14531.25,-9568.46246986031,72.94796,73.96558
2011-09-30,7465.72237200557,-8518.61532324388,73.96558,78.24938
2011-10-31,10312.5,-7758.52075466642,78.24938,79.902306
2011-11-30,4975.48130187218,-9376.19616605891,79.902306,83.88618
2011-12-31,4777.6001557345,-7395.94441597959,83.88618,88.93217
2012-01-31,10643.0549457651,-5000,88.93217,85.22402
2012-02-29,10889.655,-4450.04617658927,85.22402,81.193695
2012-03-31,19857.4453162448,-3935,81.193695,69.22963
2012-04-30,20947.4946262406,-2060.41553777096,69.22963,65.66751
2012-05-31,12018.0373399011,-2316.84797095598,65.66751,72.272194
2012-06-30,6875,-5000,72.272194,81.091484
2012-07-31,9397.3776729549,-11304.4630084008,81.091484,82.05103
2012-08-31,4000,-10846.7703876013,82.05103,86.136185
2012-09-30,3058.26887140873,-6055.13184794751,86.136185,89.68501
2012-10-31,4000,-5878.55913923285,89.68501,91.803566
2012-11-30,6542.2843505946,-6368.29694685969,91.803566,90.454384
2012-12-31,64327.0134415883,-5290.32258064516,90.454384,58.50244
2013-01-31,19543.9864387577,-4516.12903225806,58.50244,63.884792
2013-02-28,17129.465,-4475,63.884792,67.82078
2013-03-31,8764.86067409003,-3500,67.82078,76.20859
2013-04-30,10577.1970250185,-1871.65557383705,76.20859,79.2003
2013-05-31,9792.66741487278,-2574.13337158987,79.2003,79.560585
2013-06-30,7100,-5000,79.560585,82.21447
2013-07-31,5000,-6170.73083606955,82.21447,85.89598
2013-08-31,3500,-5139.52484483446,85.89598,90.31059
2013-09-30,3551.24247925285,-5300.9301702276,90.31059,92.11301
2013-10-31,4000,-2278.81039206356,92.11301,92.151344
2013-11-30,5736.97158301954,-2321.45772631698,92.151344,92.02066
2013-12-31,6203.27539483275,-2755.93384835937,92.02066,89.96067
2014-01-31,6117.49217818885,-899.32190466964,89.96067,89.50117
2014-02-28,14142.26848757,-3309.85153363438,89.50117,81.35582
2014-03-31,14243.7422747313,-4625,81.35582,73.14932
2014-04-30,8286.65214345528,-1339.96245299097,73.14932,78.41072
2014-05-31,4223.30404818907,-1598.92836891883,78.41072,86.6352
2014-06-30,3000,-1776.71782690864,86.6352,90.40041
2014-07-31,3000,-2263.85992917387,90.40041,93.22299
2014-08-31,3000,-2663.16121589411,93.22299,93.42542
2014-09-30,3857.37070719734,-3281.86169767787,93.42542,92.8221
2014-10-31,3000,-2430.47387264818,92.8221,93.811485
2014-11-30,4725.91275831184,-1674.74991914749,93.811485,93.77747
2014-12-31,40286.0600835633,-5290.32258064516,93.77747,63.954353
2015-01-31,6000,-4806.44768646103,63.954353,75.32663
2015-02-28,16865.3579833561,-4316.42857142857,75.32663,75.19874
2015-03-31,7113.47644827676,-1962.82725483175,75.19874,78.44024
2015-04-30,6831.70347421471,-552.951324087343,78.44024,83.682655
2015-05-31,4057.92222794696,-1866.2657180437,83.682655,89.72665
2015-06-30,3998.84217260035,-1829.79329243749,89.72665,91.665085
2015-07-31,3000,-2091.94537528084,91.665085,93.05057
2015-08-31,3000,-2028.80185524512,93.05057,93.84154
2015-09-30,3852.99999999999,-2075.49145760752,93.84154,92.715004
2015-10-31,3000,-1897.21486308866,92.715004,92.93507
2015-11-30,5559.73905981826,-2142.24789935551,92.93507,92.2975
2015-12-31,12548.7949526284,-2861.48471042322,92.2975,83.19391
2016-01-31,33095.4847441715,-4516.12903225806,83.19391,63.929073
2016-02-29,19872.0657568942,-4172.41379310345,63.929073,64.54357
2016-03-31,58853.8884318053,-3935,64.54357,55.94704
2016-04-30,19205.2077775234,-2270.56987110282,55.94704,64.2365
2016-05-31,9226.14635919358,-1962.34334735302,64.2365,76.03944
2016-06-30,7246.49114205865,-5000,76.03944,82.037346
2016-07-31,6500,-5594.11220522894,82.037346,84.822845
2016-08-31,4000,-5546.76725462413,84.822845,88.80832
2016-09-30,3000,-5008.13492846581,88.80832,91.73497
2016-10-31,4609.77018968435,-5944.56021262891,91.73497,92.10519
2016-11-30,7886.53819896659,-9179.04800736533,92.10519,88.72749
2016-12-31,46541.9430515283,-5290.32258064516,88.72749,60.728226
2017-01-31,150023.187981798,-4516.12903225806,60.728226,51.832832
2017-02-28,306200.38325928,12296.481518979,51.832832,48.88947
2017-03-31,93978.4005144797,-3119.29797433365,48.88947,53.08318
2017-04-30,70665.5794861838,-1453.61306978906,53.08318,53.965805
2017-05-31,32117.4065620916,-880.46859350606,53.965805,59.724285
2017-06-30,13485.41859155,-3150.78630021503,59.724285,68.7679
2017-07-31,12500,-7397.26080318617,68.7679,74.071396
2017-08-31,12812.5,-7256.5305468214,74.071396,73.99444
2017-09-30,6250,-6427.268680811,73.99444,80.05187
2017-10-31,10312.5,-2744.56772504507,80.05187,80.09304
2017-11-30,13305.607119401,-8947.14153601788,80.09304,75.946075
2017-12-31,7518.28874860841,-9278.12866749062,75.946075,79.93984
2018-01-31,19927.7482103035,-3645.16129032258,79.93984,72.33176
2018-02-28,9687.5,-4500.96257271816,72.33176,73.90173
2018-03-31,32447.3561013492,-3935,73.90173,63.031082
2018-04-30,27501.5525195214,-3303.37757423197,63.031082,61.75784
2018-05-31,14533.0882970157,-2028.80147909176,61.75784,69.10302
2018-06-30,6228.61630855848,-4749.51913150507,69.10302,80.06239
2018-07-31,9994.9729732802,-10154.449755259,80.06239,81.72547
2018-08-31,4000,-10377.9532387392,81.72547,85.753334
2018-09-30,3000,-6083.22663220713,85.753334,89.84278
2018-10-31,4633.41526470564,-4372.36613517956,89.84278,90.624176
2018-11-30,5687.31610928173,-5801.76691836067,90.624176,90.60045
2018-12-31,9689.05563511274,-6982.92483487829,90.60045,85.576225
2019-01-31,39119.143191198,-3645.16129032258,85.576225,61.915665
2019-02-28,117773.125921785,-4156.25000000001,61.915665,52.816967
2019-03-31,124554.075232106,-3500,52.816967,52.626217
2019-04-30,55269.1244615768,-3995,52.626217,55.270035
2019-05-31,35722.4016775059,-1134.13480630468,55.270035,58.77235
2019-06-30,14480.9971795473,-4704.82840408023,58.77235,67.81229
2019-07-31,12744.115234375,-9025.15405126647,67.81229,73.66903
2019-08-31,12968.75,-8161.6368239221,73.66903,73.99198
2019-09-30,6250,-8508.86265772113,73.99198,80.06661
2019-10-31,10468.75,-3023.21963439058,80.06661,80.0551
2019-11-30,6578.95031655438,-9115.4461536469,80.0551,82.289825
2019-12-31,21038.9389021548,-5290.32258064516,82.289825,72.25623
2020-01-31,12257.7521775874,-5000,72.25623,71.88488
2020-02-29,11144.827,-4624.99999999999,71.88488,75.95272
2020-03-31,10154.8721036714,-3520.6090112248,75.95272,77.31759
2020-04-30,9413.3467759707,-2163.43412590545,77.31759,79.29414
2020-05-31,10575.9750649463,-2580.87533520902,79.29414,79.13884
2020-06-30,7100,-5000,79.13884,81.78474
2020-07-31,5537.56083463976,-6318.63646350729,81.78474,86.31724
2020-08-31,4588.78325148928,-3355.47731375714,86.31724,89.54222
2020-09-30,3000,-4358.49055455004,89.54222,91.73951
2020-10-31,4330.42760313264,-4075.21746334954,91.73951,92.28364
2020-11-30,5587.71002573987,-2748.4827800421,92.28364,91.43884
2020-12-31,4500,-2628.16982024278,91.43884,91.948814
2021-01-31,11692.138871936,-1294.3936259116,91.948814,85.22463
2021-02-28,9613.65193052371,-4955,85.22463,82.23231
2021-03-31,7267.86168816416,-2720.26151635717,82.23231,83.01626
2021-04-30,4487.18822969622,-727.42556181045,83.01626,87.83415
2021-05-31,4594.49418433599,-1724.25485681431,87.83415,91.55889
2021-06-30,5371.75414697008,-1915.89926153888,91.55889,91.00192
2021-07-31,3000,-1964.81038805595,91.00192,92.80154
2021-08-31,3000,-1860.56105882004,92.80154,93.79507
2021-09-30,3500,-2382.93974953505,93.79507,NA
